Region;Year;territory_code;population;log_population;area_km2;density;log_density;gdp;log_gdp;gdp_per_capita;log_gdp_per_capita;tourism_arrivals;log_tourism_arrivals;tourism_nightspent;log_tourism_nightspent;HPI_average;log_HPI_average;Observation_Disp_Income;log_Observation_Disp_Income;Observation_Average_Monthly_Exp;log_Observation_Average_Monthly_Exp;Observation_CPI_housing;log_Observation_CPI_housing;Observation_Income_Percentage
Abruzzo;2011;ITF1;1329220.0;14.100102861993975;10831.4964;122.71803921755446;4.809889359798623;34778.9;10.456766160036064;26164.893697055417;10.172173856006365;957033;13.771593152599195;3346473.0;15.023417513359403;887.5524399306416;6.788467606849782;20779.2;9.941707765355826;286.0;5.655991810819852;;;13.6
Abruzzo;2012;ITF1;1331624.0;14.101909807951046;10831.4964;122.93998454359456;4.811696305755694;34165.9;10.438983349616342;25657.317681267385;10.15258409962957;929495;13.74239670689302;3197758.0;14.977960497217559;890.8336547702056;6.792157715058197;20004.9;9.903732522528529;274.0;5.6131281063880705;;;12.2
Abruzzo;2013;ITF1;1332583.0;14.102629722012843;10831.4964;123.02852263330854;4.812416219817491;33349.6;10.414801057268843;25026.28354106273;10.127681893220274;887904;13.696618908022096;2987950.0;14.910098091493765;882.4199755098266;6.782668105386857;20121.2;9.90952926458227;259.0;5.556828061699537;;;12.0
Abruzzo;2014;ITF1;1329918.0;14.100627844161904;10831.4964;122.78248091371752;4.810414341966552;32913.6;10.40164122519821;24748.59352230739;10.11652393900058;919549;13.73163861143809;2947385.0;14.896428894517163;869.6605293440737;6.768102939346063;19973.4;9.902156667301133;240.0;5.480638923341991;;;10.9
Abruzzo;2015;ITF1;1325836.0;14.097553761837586;10831.4964;122.40561701151468;4.807340259642234;33008.8;10.404529471566049;24896.593545506385;10.122486267692736;1005595;13.821089964089886;3093723.0;14.944885777988327;844.5468929804373;6.738800262214179;20247.5;9.915786608123145;222.0;5.402677381872279;;;10.2
Abruzzo;2016;ITF1;1319294.0;14.092607302995233;10831.4964;121.8016376758432;4.802393800799881;33192.3;10.410073200294345;25159.13814509882;10.132976455263385;1054634;13.868704345270556;3245466.0;14.992769503357033;820.3754315304948;6.709762078809893;20311.9;9.918962200174287;264.0;5.575949103146316;99.2;4.597138014290827;12.0
Abruzzo;2017;ITF1;1313930.0;14.088533204157132;10831.4964;121.30641524286524;4.7983197019617805;33325.6;10.414081149385956;25363.2994147329;10.141058503193097;1123044;13.93155341371884;3601086.0;15.096746024600765;794.77416570771;6.678058006007103;20611.8;9.933619006315459;246.0;5.5053315359323625;101.0;4.61512051684126;10.8
Abruzzo;2018;ITF1;1306059.0;14.082524763908363;10831.4964;120.57973817911254;4.792311261713012;33208.1;10.410549101050913;25426.186718976707;10.143534895106823;1196641;13.995029023098363;3555228.0;15.083929754184012;787.2065592635213;6.6684906781010955;20846.2;9.944926956419991;240.0;5.480638923341991;104.0;4.6443908991413725;10.3
Abruzzo;2019;ITF1;1300645.0;14.078370853234297;10831.4964;120.07989957878766;4.788157351038945;33412.1;10.416673388807988;25688.869753084047;10.153813093537964;1217085;14.011969213409083;3606096.0;15.098136304687205;776.6451149425288;6.65498350850559;20868.8;9.946010499616019;264.0;5.575949103146316;105.4;4.657762636107262;11.0
Abruzzo;2020;ITF1;1293941.0;14.0732031579494;10831.4964;119.46096386091214;4.782989655754049;30550.3;10.327129784518792;23610.272802237505;10.069437184533665;604332;13.311878994778525;2054383.0;14.535486117521422;758.3663793103449;6.631166618880029;20343.4;9.920511813941909;284.0;5.648974238161206;102.0;4.624972813284271;11.2
Abruzzo;2021;ITF1;1281012.0;14.063160948516494;10831.7158;118.2649197646046;4.772927190783967;33100.8;10.407312730257374;25839.57058950268;10.159662339705156;891648;13.700826714845563;2835886.0;14.857864968365003;748.6738505747127;6.618303442187152;21525.7;9.97700284909236;261.0;5.564520407322694;109.9;4.699570861409576;12.0
Abruzzo;2022;ITF1;1275950.0;14.059201557166144;10831.7158;117.7975884485448;4.768967799433618;34957.6;10.461891177527377;27397.311806888985;10.218200178325507;1130109;13.937824646213532;3453385.0;15.054865467405543;748.5402298850574;6.618124949756773;22880.9;10.038057780384444;273.0;5.60947179518496;155.3;5.045358730154642;11.3
Abruzzo;2023;ITF1;1272627.0;14.05659382596312;10831.7158;117.49080418081132;4.766360068230593;35692.1;10.482684654764409;28046.00248148122;10.241601386765563;1208561;14.004940953648257;3623081.0;15.102835326789869;753.721264367816;6.625022623756221;24394.5;10.102112976036612;283.0;5.645446897643238;159.2;5.0701612734102826;11.1
Abruzzo;2024;ITF1;1269571.0;14.054189606093509;10831.7158;117.20866974740972;4.763955848360982;;;;;1222376;14.0163070636938;3704928.0;15.125174383325117;762.0112715599721;6.6359613476506984;;;249.0;5.517452896464707;146.7;4.9883896851489355;9.0
Basilicata;2011;ITF5;580790.0;13.272144524713644;10073.1105;57.65746340219339;4.0545196989115455;11293.6;9.33199147256999;19445.23838220355;9.87535750582062;464869;13.04951092444873;1699541.0;14.345868772569883;712.6140873015872;6.5689400218531055;7505.9;8.923444656931025;224.0;5.4116460518550396;;;10.8
Basilicata;2012;ITF5;579360.0;13.269679324999467;10073.1105;57.51550129426258;4.052054499197369;10972.6;9.303156535214184;18939.1742612538;9.84898776817899;448453;13.01355916123277;1586060.0;14.276763511482793;701.1631944444445;6.552740662286184;7313.3;8.897449887265584;235.0;5.459585514144159;;;11.0
Basilicata;2013;ITF5;577550.0;13.266550297716826;10073.1105;57.33581498981868;4.048925471914727;11167.9;9.320798870807337;19336.680806856548;9.869759131054785;425993;12.962178193191619;1505987.0;14.224959055166604;695.0595238095239;6.543997487666502;7258.6;8.889942251757743;209.0;5.342334251964811;;;10.5
Basilicata;2014;ITF5;575814.0;13.263539970862547;10073.1105;57.16347497627471;4.045915145060449;11009.5;9.30651381542484;19119.88940873268;9.858484402526566;439047;12.992361747830051;1513785.0;14.230123694969427;725.6179273228997;6.587023605390562;7319.2;8.898256311365326;237.0;5.4680601411351315;;;12.1
Basilicata;2015;ITF5;573236.0;13.259052778267542;10073.1105;56.90754608519384;4.041427952465443;11997.1;9.392420232897376;20928.727435122702;9.948878012594108;451507;13.020346155594963;1521335.0;14.23509879682563;727.3138401732463;6.589358076504042;7552.7;8.929660394207787;242.0;5.488937726156687;;;12.2
Basilicata;2016;ITF5;569887.0;13.25319337454344;10073.1105;56.57507678487196;4.03556854874134;12391.1;9.424733751957586;21743.082400546074;9.987050935378422;417797;12.9427509476097;1452154.0;14.18855852934891;725.2132936507937;6.586465809725914;7507.7;8.923684439529286;250.0;5.521460917862246;100.6;4.611152257665639;11.8
Basilicata;2017;ITF5;566405.0;13.2470646490063;10073.1105;56.2294040157705;4.0294398232042;12410.8;9.42632234026275;21911.52973578976;9.994768249220726;454802;13.027617438386228;1658621.0;14.321497092199685;725.5853174603175;6.586978663563557;7552.7;8.929660394207787;233.0;5.4510384535657;102.3;4.627909672957581;11.1
Basilicata;2018;ITF5;562968.0;13.240978067140569;10073.1105;55.8881985857298;4.02335324133847;12712.9;9.450372504955212;22581.9229512157;10.024904995778916;487877;13.097818603885223;1637111.0;14.308443661018442;724.5925390119601;6.585609481709042;7719.5;8.951504874081982;243.0;5.493061443340548;104.0;4.6443908991413725;11.4
Basilicata;2019;ITF5;558587.0;13.233165659755525;10073.1105;55.45327830961449;4.015540833953425;12504.0;9.433803872101313;22385.053715893853;10.016148770310062;484325;13.090511447955146;1640736.0;14.310655479616342;724.4940476190476;6.585473545880261;7811.5;8.963352285851958;259.0;5.556828061699537;104.9;4.653007515402251;11.8
Basilicata;2020;ITF5;553254.0;13.223572487891678;10073.1105;54.92384899381378;4.0059476620895795;11304.4;9.33294730944248;20432.56804288808;9.924885379515075;231559;12.352589979648464;922993.0;13.7353769294909;685.2224598835558;6.529743544493547;7835.5;8.96641996896327;240.0;5.480638923341991;100.2;4.607168188650764;11.8
Basilicata;2021;ITF5;545130.0;13.208779577311212;10073.1768;54.116989190540174;3.991148169651224;12450.9;9.429548188436746;22840.239942765947;10.036279169089807;333834;12.718399142422399;1263765.0;14.049605918682579;660.6958250497019;6.493293560035554;8125.6;9.002774850625292;252.0;5.529429087511423;109.1;4.692264892839025;11.3
Basilicata;2022;ITF5;541168.0;13.201485045666644;10073.1768;53.7236673935873;3.983853638006655;12583.4;9.440133764008271;23252.29873163232;10.054159276305903;444459;13.004613091211676;1568518.0;14.265641782479442;663.1410791205151;6.496987756569875;8534.1;9.051825181513836;268.0;5.5909869805108565;145.3;4.9788005705762375;11.1
Basilicata;2023;ITF5;537577.0;13.194827284537775;10073.1768;53.36717608292153;3.977195876877786;12651.7;9.445546872478273;23534.675032599986;10.066230145904774;475623;13.072380802595816;1647590.0;14.314824172091315;664.4731610337972;6.498994487621733;9019.5;9.107144179147733;273.0;5.60947179518496;137.7;4.925077405734609;10.8
Basilicata;2024;ITF5;533233.0;13.186713755844172;10073.1768;52.935931790654166;3.9690823481841844;;;;;488620;13.09934037024679;1684347.0;14.336888509564705;674.3861829025846;6.5138029184922726;;;246.0;5.5053315359323625;133.3;4.892602227184663;9.2
Calabria;2011;ITF6;1972049.0;14.494583661706198;15221.6147;129.5558348353148;4.864111945247567;37064.8;10.520423011150186;18795.07050788292;9.841349907408263;1136190;13.94319111779905;3479590.0;15.062425028717842;669.9429898648649;6.50719261901074;24722.2;10.115456904375405;226.0;5.420534999272286;;;11.3
Calabria;2012;ITF6;1968536.0;14.492800677235282;15221.6148;129.3250437529138;4.862328954207046;35562.3;10.479041366951291;18065.35415151158;9.801751247680283;1128053;13.936003695751944;3400617.0;15.03946744371083;666.0135698835215;6.5013100455333;23889.3;10.081185938927828;213.0;5.3612921657094255;;;10.6
Calabria;2013;ITF6;1962430.0;14.489694059212745;15221.6148;128.92390365836877;4.8592223361845095;34382.0;10.445288450601439;17520.115367172333;9.771104949352967;1071049;13.884149100017298;3238679.0;14.990676088580342;658.768971332209;6.4903728984271645;23722.2;10.074166597546009;196.0;5.278114659230517;;;9.4
Calabria;2014;ITF6;1958226.0;14.487549519313708;15221.6148;128.64771745504953;4.857077796285472;34017.0;10.434615678639949;17371.335075726704;9.762576717290516;1103900;13.914359922006444;3258024.0;14.9966314345995;684.7500362050655;6.529053861016593;23613.3;10.069565391595818;207.0;5.332718793265369;;;10.6
Calabria;2015;ITF6;1951733.0;14.48422825381267;15221.6148;128.22115298831503;4.853756530784436;34633.1;10.45256515114916;17744.793985652752;9.783847455300764;1198647;13.996703978651919;3475860.0;15.061352488376796;682.1105072463768;6.525191678802954;23893.7;10.081370104845098;228.0;5.429345628954441;;;12.0
Calabria;2016;ITF6;1943085.0;14.47978747418604;15221.6148;127.65301352915591;4.849315751157803;34368.2;10.444886997218457;17687.44033328444;9.780610080996691;1226263;14.01948189123263;3485056.0;15.06399467091423;674.9063371807965;6.514573921512354;24124.6;10.090987345758851;242.0;5.488937726156687;98.1;4.585987366571318;11.9
Calabria;2017;ITF6;1935097.0;14.47566801238856;15221.6148;127.12823346442848;4.845196289360324;34517.7;10.449227514935902;17837.710461025985;9.789070060511618;1331211;14.101599612236095;3792625.0;15.14856894945072;672.4517145109903;6.5109303089145945;24789.6;10.118179489360534;213.0;5.3612921657094255;100.2;4.607168188650764;11.0
Calabria;2018;ITF6;1924257.0;14.4700504771709;15221.6149;126.41608742841076;4.83957874757306;34143.4;10.438324581313527;17743.679768346952;9.783784662106902;1415817;14.163217307595808;4020981.0;15.207036460675509;664.8452139585278;6.499554252598196;25169.3;10.133380276856656;222.0;5.402677381872279;102.1;4.625952725170619;10.4
Calabria;2019;ITF6;1912021.0;14.463671355796766;15221.6149;125.61223053934968;4.833199626198925;34070.3;10.43618131601689;17818.998849908032;9.788020518184398;1443898;14.182856958820876;4104264.0;15.227536991249199;662.050983436853;6.495342567226627;25443.5;10.144215586607341;234.0;5.455321115357702;103.0;4.634728988229636;10.7
Calabria;2020;ITF6;1894110.0;14.45425962918319;15221.6149;124.43554855667776;4.823787899585349;31143.4;10.346357623756651;16442.234083553754;9.707608552537735;650637;13.38570716198532;2126968.0;14.570208049405357;646.3397224378882;6.471325251679715;25113.3;10.131152865260875;251.0;5.5254529391317835;99.8;4.603168183317418;11.2
Calabria;2021;ITF6;1860601.0;14.436410111777485;15219.2985;122.25274377790802;4.806090572094186;33616.7;10.422778246285397;18067.656633528622;9.801878692472187;971312;13.786403013890446;2900725.0;14.88047126371191;646.7937631027254;6.472027484958139;25983.4;10.165213151561796;255.0;5.541263545158426;107.3;4.675628649636653;10.4
Calabria;2022;ITF6;1855454.0;14.433639968014072;15219.2985;121.9145547345694;4.803320428330773;34862.8;10.459175637133571;18789.3636813416;9.841046227083773;1297673;14.076083218467415;3758833.0;15.139619094850188;648.4738219895288;6.4746216359248105;27518.2;10.222602882931406;256.0;5.545177444479562;144.8;4.975353479951616;11.5
Calabria;2023;ITF6;1846610.0;14.428862083663956;15219.2985;121.3334504215158;4.798542543980658;35269.2;10.470765340806706;19099.43084896107;9.857413815107025;1406587;14.15667676066917;4028905.0;15.20900518484362;649.2774869109948;6.475860186051772;29179.2;10.281211405662567;228.0;5.429345628954441;147.4;4.993149979755236;10.3
Calabria;2024;ITF6;1838568.0;14.424497565713393;15219.2985;120.80504236118372;4.794178026030094;;;;;1408087;14.157742603563943;4059624.0;15.216600916451828;639.5609907057917;6.460781988958786;;;221.0;5.3981627015177525;137.4;4.922896379788249;9.4
Campania;2011;ITF3;5822827.0;15.577296440606318;13670.598;425.9379874969625;6.054293766417182;114190.1;11.645619882428736;19610.766385468774;9.883833999786694;3797236;15.149783991614807;15468971.0;16.554346704499867;1196.9139579349903;7.087501821549977;72886.0;11.196651855658212;298.0;5.697093486505405;;;14.6
Campania;2012;ITF3;5827593.0;15.578114608580668;13670.598;426.2866189174753;6.055111934391531;111334.2;11.620291767691567;19104.662937168054;9.857687717075173;3610689;15.099409170823616;14426844.0;16.4846011958106;1170.8778184307298;7.065509018641358;69627.5;11.150914883227687;292.0;5.676753802268282;;;13.8
Campania;2013;ITF3;5820430.0;15.576884700139907;13670.598;425.762647691052;6.05388202595077;108119.3;11.590990526081598;18575.82687189778;9.829616383905964;3496990;15.067413156447486;13732067.0;16.435244312662295;1116.7097976008165;7.018141960122237;69181.4;11.144487319349128;279.0;5.631211781821365;;;13.8
Campania;2014;ITF3;5812768.0;15.57556743534171;13670.598;425.2021747695309;6.052564761152575;108137.6;11.591159769236786;18603.460520013872;9.831102891859349;3598157;15.095932327893594;13615316.0;16.426705893515845;1103.641693393855;7.006370621073013;70161.8;11.158559282361207;282.0;5.641907070938114;;;14.4
Campania;2015;ITF3;5804370.0;15.574121640092851;13670.598;424.5878636764829;6.051118965903714;110075.3;11.60891995603473;18964.211447581736;9.850308873906155;3894704;15.175128239534018;14594612.0;16.496162977470252;1071.788386032572;6.977083921055569;71521.4;11.177751984599881;276.0;5.62040086571715;;;13.6
Campania;2016;ITF3;5790783.0;15.57177807356662;13670.598;423.593978844232;6.048775399377484;110406.9;11.611927910872089;19065.97087129668;9.855660395269743;4479296;15.314976449185792;15771173.0;16.573694337910513;1053.032355575459;6.959429238704131;72222.3;11.187504141458097;280.0;5.634789603169249;98.7;4.592084946439436;13.9
Campania;2017;ITF3;5776654.0;15.569335180291905;13670.598;422.5604468802316;6.046332506102768;111570.7;11.62241374965556;19314.07004816283;9.86858912732793;4704783;15.364090208790289;16540350.0;16.62131340815818;1051.6199478921783;6.9580870617630906;72620.6;11.19300390712092;278.0;5.627621113690637;100.2;4.607168188650764;13.7
Campania;2018;ITF3;5762889.0;15.566949469431647;13670.598;421.5535414032364;6.04394679524251;111959.0;11.625888011828158;19427.58224217055;9.874449100360787;5057459;15.436374741219057;17227171.0;16.66199840465776;1051.226893597836;6.957713231114881;73943.2;11.211052509887926;277.0;5.6240175061873385;103.1;4.635699391022914;13.4
Campania;2019;ITF3;5740291.0;15.563020463874818;13670.598;419.90050471822815;6.040017789685682;112784.7;11.633235970548517;19647.906351786;9.885726064637973;5262173;15.476054617274922;18030427.0;16.70757127765004;1049.995491433724;6.9565411492697065;74889.4;11.223767637460751;290.0;5.66988092298052;104.3;4.647271362006727;13.6
Campania;2020;ITF3;5712143.0;15.558104817702192;13670.598;417.8414872560805;6.035102143513056;102472.9;11.537353652359435;17939.484358147198;9.794759392621517;2960220;14.900774147862652;11361135.0;16.245708878238243;1021.1953336339044;6.928729115864042;73375.0;11.203338557130397;264.0;5.575949103146316;101.5;4.620058798481842;11.7
Campania;2021;ITF3;5624260.0;15.542599941845012;13675.6929;411.2596006012975;6.01922464673426;110887.1;11.616267845562726;19715.85595260532;9.88917846168199;3974656;15.195448761445189;14906040.0;16.517277057903335;1014.9120829576196;6.922557269948608;77321.2;11.255723453119062;292.0;5.676753802268282;109.2;4.693181063310805;13.1
Campania;2022;ITF3;5624420.0;15.54262838962733;13675.6929;411.2713001913051;6.019253094516579;117968.0;11.678168680229431;20974.251567272717;9.951050848566375;4915869;15.407979101631966;17754294.0;16.692137960121823;1007.1585753176043;6.914888353327548;82855.2;11.32484978491651;297.0;5.6937321388027;146.3;4.9856593080260785;13.4
Campania;2023;ITF3;5609536.0;15.539978564630848;13675.6929;410.1829458308471;6.016603269520098;119365.4;11.689944655701094;21279.014877522848;9.965476649034521;5263307;15.476270094384638;18507040.0;16.733661758201904;1013.1272686025408;6.920797131700305;86967.5;11.37328976462621;294.0;5.683579767338681;147.1;4.991112627607392;12.2
Campania;2024;ITF3;5593906.0;15.53718834888459;13675.6929;409.04004213197857;6.013813053773838;;;;;5211059;15.466293656030288;18530994.0;16.73495523956432;1025.8662894501144;6.933292695064665;;;286.0;5.655991810819852;137.8;4.925803358579558;11.3
Emilia-Romagna;2011;ITD5;4371595.0;15.290638489038004;22452.2072;194.70669235584108;5.271494284441979;161403.5;11.99166271983689;36920.96362997944;10.51653478876316;4688334;15.360587853434918;18125309.0;16.712819806835554;1584.389864942929;7.367954668948035;90915.0;11.417680283053494;383.0;5.948034989180646;;;13.1
Emilia-Romagna;2012;ITD5;4391314.0;15.29513905689377;22452.2072;195.58495790115455;5.275994852297744;156567.7;11.961243783282617;35653.952324976075;10.48161528435312;4752799;15.374244265621357;17916070.0;16.70120863342382;1582.8465730990692;7.366980133578673;88473.8;11.39046174196825;377.0;5.932245187448011;;;13.5
Emilia-Romagna;2013;ITD5;4415458.0;15.300622123899203;22452.2072;196.6603087468389;5.281477919303177;155426.3;11.953926943265339;35200.49335765395;10.46881537733041;4627401;15.347505929359771;17214761.0;16.66127777141703;1541.4686604614417;7.340490916572304;89543.9;11.402484286799071;385.0;5.953243334287785;;;14.0
Emilia-Romagna;2014;ITD5;4432241.0;15.304415883187184;22452.2071;197.4078085178539;5.285271683045065;156945.1;11.96365134164894;35409.87504966449;10.47474601642603;4728142;15.369042871458012;16406822.0;16.613207781910315;1433.205912936799;7.267669111110816;90467.6;11.412747054537038;369.0;5.910796644040527;;;13.0
Emilia-Romagna;2015;ITD5;4434377.0;15.30489769035229;22452.2071;197.5029439310668;5.285753490210168;157614.0;11.967904284947855;35543.662615966125;10.478517152559839;5085049;15.441815223603227;17468519.0;16.67591090461862;1382.0320144801435;7.231310169385022;91324.6;11.422175471692215;365.0;5.8998973535824915;;;12.8
Emilia-Romagna;2016;ITD5;4435480.0;15.3051463978581;22452.2068;197.55207314409736;5.286002211077696;160432.5;11.98562857234407;36170.26793041565;10.495992732450244;5294001;15.482084850662252;17927383.0;16.70183987843114;1359.277537279523;7.214708614992802;92745.7;11.437616618208985;357.0;5.877735781779639;98.2;4.58700621536042;12.3
Emilia-Romagna;2017;ITD5;4439768.0;15.306112680790958;22452.2069;197.74305571716425;5.286968489556648;164087.2;12.00815327281716;36958.50774184597;10.517551149990476;5532418;15.526135529288238;18884332.0;16.75384314151474;1347.8087385527551;7.206235396058953;95794.7;11.469962638837732;336.0;5.817111159963204;100.1;4.6061696863211745;11.5
Emilia-Romagna;2018;ITD5;4445920.0;15.307497379642186;22452.207;198.01705908020537;5.288353183953971;166255.0;12.021278033253822;37394.959873322056;10.52929121157591;5713397;15.55832432592763;18980705.0;16.75893349481871;1345.5136531239082;7.204531117364759;97052.3;11.4830052874405;347.0;5.849324779946859;102.7;4.631812116934513;11.7
Emilia-Romagna;2019;ITD5;4459453.0;15.310536670734733;22444.542;198.6876363973032;5.291733925162403;166083.7;12.02024715713154;37243.06546116755;10.52522104436108;5812533;15.575527006280987;19219123.0;16.77141633091281;1340.207848328978;7.200579991609804;97346.1;11.486027948364574;346.0;5.846438775057725;103.7;4.641502115235482;12.0
Emilia-Romagna;2020;ITD5;4464119.0;15.311582440394067;22444.542;198.8955265828102;5.292779694821737;152164.3;11.932716137106523;34086.07611042627;10.436644254676729;3825884;15.157300109651825;13881320.0;16.446054609385687;1335.424190535492;7.197004266083339;94661.6;11.458063705916166;339.0;5.82600010738045;100.3;4.60816569496789;10.6
Emilia-Romagna;2021;ITD5;4438937.0;15.305925491329788;22501.8136;197.27018803497683;5.284574301941195;167555.7;12.029071112282413;37746.807400059966;10.5386561789169;4754097;15.374517330564546;16787982.0;16.63617383124062;1326.3883656318703;7.1902150129552505;98271.0;11.495484247350285;341.0;5.831882477283517;107.4;4.676560182074764;10.8
Emilia-Romagna;2022;ITD5;4425366.0;15.302863544868137;22501.8136;196.66708109252136;5.281512355479544;173785.7;12.065578209947356;39270.35639538063;10.578225223043495;5620684;15.541963922649087;18926494.0;16.756073297368765;1332.055790986938;7.194478735348506;104781.8;11.559635371665582;345.0;5.84354441703136;146.4;4.986342601527212;10.4
Emilia-Romagna;2023;ITD5;4437578.0;15.305619290076114;22501.8136;197.20979290309293;5.284268100687523;173877.4;12.066105732149893;39182.95069968348;10.575997000038052;5780043;15.569921680067255;18862149.0;16.752667773535205;1340.702065351418;7.200948685108617;109982.3;11.608074722736388;385.0;5.953243334287785;150.6;5.014627315365793;10.9
Emilia-Romagna;2024;ITD5;4451938.0;15.308850064955353;22501.8136;197.84796368591373;5.287498875566761;;;;;5810066;15.575102488488186;19019173.0;16.76095813358942;1366.145426393697;7.219748495952911;;;360.0;5.886104031450156;143.2;4.964242254526545;10.0
Friuli-Venezia Giulia;2011;ITD4;1225361.0;14.018746052424804;7862.1541;155.855632491355;5.0489301460245555;39378.5;10.58097526106644;32136.24393138022;10.37773976660591;1052218;13.866410875146396;4480578.0;15.315262613926222;979.944316965878;6.887495750627759;23576.0;10.06798452441753;322.0;5.7745515455444085;;;12.4
Friuli-Venezia Giulia;2012;ITD4;1223642.0;14.01734221561259;7862.154;155.63699210165558;5.047526321931502;37523.8;10.532730677309454;30665.66855338408;10.330899019661139;1049381;13.863711024486697;4326588.0;15.280289798588635;979.1539050535988;6.886688836562622;22507.7;10.021612751870066;325.0;5.783825182329737;;;12.3
Friuli-Venezia Giulia;2013;ITD4;1224987.0;14.018440789659756;7862.1541;155.8080628310249;5.048624883259508;37555.4;10.533572455108525;30657.79473578087;10.330642223413042;1015934;13.83131894438061;3710308.0;15.126625450005667;970.8879573170732;6.878211072670657;22707.4;10.030446141535338;319.0;5.765191102784844;;;12.5
Friuli-Venezia Giulia;2014;ITD4;1224984.0;14.018438340651176;7862.1541;155.8076812562094;5.0486224342509285;37428.6;10.530190397046407;30554.35826100586;10.327262614359507;1033232;13.848202311462497;3599306.0;15.096251607064536;1010.5396603210154;6.918239784288245;22690.7;10.029710427892994;321.0;5.771441123130016;;;12.5
Friuli-Venezia Giulia;2015;ITD4;1221664.0;14.015724421822028;7862.1541;155.3854051270758;5.045908515421781;38206.4;10.550758319828546;31274.065536841557;10.350544455970793;1108881;13.918861956697665;3669067.0;15.115447964277255;990.043352601156;6.897748732676078;23103.8;10.04775238514539;309.0;5.733341276897746;;;11.7
Friuli-Venezia Giulia;2016;ITD4;1216208.0;14.011248379511995;7862.1544;154.69144182668302;5.041432434954266;38053.1;10.54673783171889;31288.315814400168;10.35100001017117;1164773;13.968036776210845;3803486.0;15.15142857259242;979.5050578034684;6.887047401029731;23452.6;10.062736641928762;309.0;5.733341276897746;97.6;4.580877493419047;11.5
Friuli-Venezia Giulia;2017;ITD4;1212809.0;14.008449714687037;7862.1544;154.2591175772381;5.038633770129309;38682.8;10.563150335778722;31895.211859410672;10.37021117905596;1212053;14.007826174028233;3925873.0;15.183099304849065;968.3851156069366;6.8756298548579435;23807.1;10.077739134498934;290.0;5.66988092298052;99.9;4.604169685654508;10.6
Friuli-Venezia Giulia;2018;ITD4;1211155.0;14.007085007738663;7924.2172;152.84222648515996;5.029406189897092;39197.5;10.576368248234605;32363.735442614696;10.384793798460217;1287362;14.068105721309344;4042453.0;15.212362243897042;968.0361534600664;6.875269435194906;24185.0;10.093487885257083;290.0;5.66988092298052;103.3;4.637637376125593;10.2
Friuli-Venezia Giulia;2019;ITD4;1210414.0;14.006473007813716;7932.4822;152.58956395767265;5.027751728292069;39629.5;10.587329069400372;32740.45078791224;10.396366619550932;1318763;14.09220473397783;4151491.0;15.238978104790748;962.9004329004332;6.869950013825982;24364.7;10.100890642458115;311.0;5.739792912179234;104.8;4.6520537718869415;11.2
Friuli-Venezia Giulia;2020;ITD4;1206216.0;14.002998744709588;7932.4822;152.06034751644322;5.024277465187941;36404.7;10.50245316616857;30180.912871326527;10.314964979423257;838192;13.639002470166048;2937670.0;14.893127308100437;957.2907647907648;6.864107174763566;23577.0;10.068026939534285;301.0;5.707110264748875;101.0;4.61512051684126;11.0
Friuli-Venezia Giulia;2021;ITD4;1201510.0;13.999089657053696;7933.2959;151.45155495838748;5.0202658045607675;39768.6;10.590832935168237;33098.85061297867;10.407253836078814;1087736;13.899609029895641;3775941.0;15.144160181125457;962.4603746397696;6.86949289610903;24819.0;10.119364767858293;309.0;5.733341276897746;109.1;4.692264892839025;11.0
Friuli-Venezia Giulia;2022;ITD4;1194647.0;13.993361302219776;7933.2959;150.58646684286666;5.014537449726847;40441.2;10.60760434628466;33852.00816642908;10.429753602029159;1275118;14.058549281311874;4122286.0;15.231918421819872;977.3916187417216;6.8848874097447785;26034.6;10.167181701545806;331.0;5.802118375377063;146.2;4.9849755473156785;11.5
Friuli-Venezia Giulia;2023;ITD4;1194248.0;13.993027256559577;7933.2959;150.53617248790633;5.014203404066648;40228.8;10.60233843601275;33685.465665422926;10.424821737417448;1311833;14.08693595379918;4053252.0;15.215030079843391;980.3267254038178;6.887885909370633;26861.3;10.198441868012507;316.0;5.755742213586912;147.9;4.996536369716754;10.1
Friuli-Venezia Giulia;2024;ITD4;1194616.0;13.993335352795203;7933.2959;150.58255926140356;5.014511500302274;;;;;1312674;14.087576836089672;4099295.0;15.226325565669718;907.6270781105688;6.810833587311417;;;287.0;5.659482215759621;140.1;4.942356453342962;8.8
Lazio;2011;ITE4;5563046.0;15.531656357942891;17231.8324;322.8354286918436;5.777142684685013;214601.4;12.276537632922599;38576.24042655768;10.560391832943983;5544540;15.528324217705954;19803029.0;16.801345463762527;1707.8864826394183;7.443011909984901;105757.5;11.568904016379495;346.0;5.846438775057725;;;13.0
Lazio;2012;ITE4;5605706.0;15.539295565521442;17231.8324;325.3110795111958;5.784781892263565;205355.0;12.232495467761279;36633.2090908799;10.50871046020411;5367501;15.49587299504153;18794279.0;16.74906307297831;1700.3385577467238;7.438582661831977;101058.4;11.523453846541665;333.0;5.808142489980444;;;12.6
Lazio;2013;ITE4;5678764.0;15.55224416138399;17231.8324;329.55079112770386;5.7977304881261125;200781.4;12.209972033027263;35356.53180868231;10.473238429607548;5122623;15.449177170519945;17849715.0;16.697498099675904;1658.2554168040715;7.413521374978996;101299.0;11.525831818519737;354.0;5.869296913133774;;;13.8
Lazio;2014;ITE4;5723955.0;15.560170557992356;17231.8324;332.1733212771963;5.8056568847344785;199392.9;12.203032529055475;34834.812642657045;10.458372529027395;5194154;15.463044320360977;17751507.0;16.691980971690228;1562.9886129455856;7.354355045011435;102880.4;11.54132242748877;334.0;5.811140992976701;;;13.3
Lazio;2015;ITE4;5744899.0;15.563822888605667;17231.8324;333.388746283303;5.80930921534779;198911.9;12.200617292112206;34624.08999705652;10.452304961470812;5670523;15.550791911309007;19267053.0;16.773907096676574;1506.426238738739;7.317495395366194;104459.5;11.556554715457677;326.0;5.786897381366708;;;13.5
Lazio;2016;ITE4;5761508.0;15.566709803962535;17231.7228;334.3547285939396;5.812202491046728;204716.7;12.229382351125789;35531.791329631065;10.478183105127528;6009480;15.608848780305543;19969432.0;16.809713262323502;1466.7453157529494;7.290801154177518;105404.8;11.565563454849412;336.0;5.817111159963204;97.8;4.582924577040772;13.5
Lazio;2017;ITE4;5774092.0;15.568891572573058;17231.7228;335.0850096079772;5.81438425965725;206412.1;12.23762993490223;35747.97561244261;10.484248920293448;6345132;15.663198462696736;20659875.0;16.843703971298645;1430.5077841003315;7.265784753999534;106963.3;11.58024106395509;308.0;5.730099782973574;98.9;4.594109238628667;11.7
Lazio;2018;ITE4;5774606.0;15.568980586936467;17231.7228;335.1148383143675;5.81447327402066;206865.6;12.23982458601466;35823.32716725609;10.486354557042466;6748834;15.724880307186572;21481275.0;16.88269218338525;1405.6874641067016;7.248281760397053;109180.2;11.600755007171404;316.0;5.755742213586912;101.3;4.618086411254637;11.7
Lazio;2019;ITE4;5773076.0;15.568715598688792;17231.7227;335.0260505294692;5.814208291576233;208455.9;12.247482787058065;36108.28958427016;10.494277746333548;6876471;15.743616142266319;21721565.0;16.893816103841285;1381.7430875653658;7.231101088034216;110016.8;11.608388360385659;316.0;5.755742213586912;102.8;4.632785353021065;11.7
Lazio;2020;ITE4;5755700.0;15.565701226103677;17231.7227;334.01767775661807;5.811193918991118;190931.9;12.159672098949045;33172.66362041107;10.409481430809643;3518882;15.073653883488022;12673097.0;16.354991958102612;1363.3983068846137;7.2177356170947125;107028.6;11.580851367448137;278.0;5.627621113690637;98.7;4.592084946439436;10.0
Lazio;2021;ITE4;5730399.0;15.561295719774476;17239.3387;332.4024836289109;5.806346534761174;202107.1;12.216553033897835;35269.28927636627;10.470767872087634;4745296;15.372664369534686;16446394.0;16.615616801419247;1332.58726899384;7.194877646573752;112631.1;11.631873155486105;311.0;5.739792912179234;105.1;4.6549122778829055;11.4
Lazio;2022;ITE4;5714882.0;15.558584207578814;17239.3387;331.5023910980994;5.803635022565513;213681.9;12.272243739545134;37390.43080854513;10.529170089930593;6237446;15.646081361689808;20745927.0;16.847860496217116;1323.8980522310503;7.188335733706824;119294.6;11.689351343021325;322.0;5.7745515455444085;136.7;4.917788743729904;11.6
Lazio;2023;ITE4;5720536.0;15.559573065259526;17239.3387;331.8303619152166;5.804623880246225;215144.6;12.279065639183464;37609.16809194104;10.535003131888214;6626427;15.70657630286854;21383594.0;16.87813455046278;1315.6671779141109;7.182099175578988;125633.4;11.741123421231709;322.0;5.7745515455444085;139.9;4.940927881671436;11.1
Lazio;2024;ITE4;5714745.0;15.558560234793;17239.3387;331.49444415753607;5.803611049779698;;;;;6572487;15.698402857645837;21234218.0;16.871124495056595;1303.6074264448498;7.1728906438211055;;;324.0;5.780743515792329;132.2;4.884315927417586;10.7
Liguria;2011;ITC3;1592593.0;14.280874063467428;5416.1343;294.04606898318605;5.683736452284675;53369.3;10.884990953259214;33510.94724138559;10.41962744775606;1533641;14.243155204837171;5317910.0;15.486590926986386;2372.059190009734;7.771513713436016;30238.5;10.316871225888589;339.0;5.82600010738045;;;13.7
Liguria;2012;ITC3;1590096.0;14.279304949732266;5416.1343;293.58503905636167;5.682167338549513;51425.1;10.847881659098752;32340.8775319226;10.384087267330761;1496941;14.218934250467438;5011428.0;15.427231462387851;2346.654170832568;7.760745835540497;29273.8;10.284448197019461;341.0;5.831882477283517;;;13.8
Liguria;2013;ITC3;1587322.0;14.277558877478144;5416.1343;293.0728656414595;5.680421266295391;49761.1;10.814988833278049;31349.08985070452;10.35294051376418;1464373;14.196937722472885;4828582.0;15.39006340074465;2279.8800121506683;7.73187809431397;29090.9;10.27818068947749;350.0;5.857933154483459;;;14.2
Liguria;2014;ITC3;1580322.0;14.27313918170762;5416.1343;291.7804309246911;5.6760015705248685;50059.0;10.820957588757476;31676.45581090436;10.36332896501413;1518816;14.233441641916901;4949526.0;15.414802372384067;2234.3618038086324;7.711710919877187;29217.1;10.282509433288338;358.0;5.8805329864007;;;15.2
Liguria;2015;ITC3;1569427.0;14.266221142554539;5416.1343;289.7688486048066;5.669083531371786;49986.7;10.819512249026008;31850.28676070948;10.368801664435743;1556945;14.258236125850534;5031343.0;15.431197504450225;2226.294843049327;7.708093977264264;29188.2;10.281519796993047;340.0;5.8289456176102075;;;14.2
Liguria;2016;ITC3;1557742.0;14.25874789478102;5416.1343;287.6114057954582;5.661610283598267;50212.4;10.824017287129582;32234.09268030264;10.380779950312837;1578225;14.271811355774934;4929728.0;15.410794372083027;2206.684509079774;7.6992464459159535;29565.0;10.29434650825493;356.0;5.87493073085203;98.5;4.590056548178043;14.1
Liguria;2017;ITC3;1551379.0;14.254654770786408;5416.1343;286.43658263791576;5.657517159603654;50872.1;10.837069918663191;32791.535788482375;10.39792570584106;1656452;14.320188523544028;5057116.0;15.436306918300124;2178.8058035714284;7.686532209160933;30563.6;10.32756503738958;333.0;5.808142489980444;101.3;4.618086411254637;12.9
Liguria;2018;ITC3;1541541.0;14.248293123424633;5416.1343;284.62015796026327;5.651155512241879;50496.5;10.829659305930921;32757.15663741672;10.396876740470564;1704086;14.348539454581424;5138477.0;15.452267290022846;2145.3794642857147;7.671071722142927;30337.2;10.320129961234418;335.0;5.814130531825066;103.2;4.636668853047462;12.7
Liguria;2019;ITC3;1532980.0;14.24272411145443;5416.152;283.0385853277382;5.64558323226352;50552.1;10.830759766612436;32976.35976986001;10.40354621312228;1741306;14.370145964363026;5172696.0;15.458904580585713;2124.4991100667903;7.661291340664118;30534.3;10.32660592088161;333.0;5.808142489980444;104.5;4.6491870714048655;12.8
Liguria;2020;ITC3;1524826.0;14.23739086315328;5416.152;281.5330884362182;5.640249983962369;44959.6;10.713519587730843;29485.069116082752;10.291639282541837;936807;13.75023256348367;3238543.0;14.990634095269005;2115.4269816115584;7.657011953663494;29319.2;10.285997870498738;319.0;5.765191102784844;98.6;4.591071261608589;11.7
Liguria;2021;ITC3;1518495.0;14.233230270739437;5417.6165;280.2883888145276;5.635819033176198;48537.4;10.790089913775116;31964.148713034945;10.372370200999953;1288421;14.068927995592285;4073470.0;15.2200057740316;2099.632516703786;7.649517616352804;30752.4;10.333723318969504;343.0;5.8377304471659395;105.8;4.661550519424199;12.9
Liguria;2022;ITC3;1509227.0;14.227108157185256;5417.6165;278.577673410438;5.629696919622017;50256.8;10.824901140149024;33299.695804541;10.413303540928043;1621137;14.298638312877591;4781872.0;15.380342659599085;2099.4929267486023;7.649451131101475;33011.3;10.40460520607724;337.0;5.820082930352362;138.8;4.933034048072704;12.8
Liguria;2023;ITC3;1507636.0;14.22605341910302;5417.6165;278.284001829956;5.62864218153978;51110.7;10.841749147618449;33901.22018842745;10.431206286479703;1675644;14.331708126960667;4844884.0;15.393433860811921;2098.971078976641;7.649202541248644;34813.9;10.457772011300877;375.0;5.926926025970411;150.8;5.015954455573856;13.0
Liguria;2024;ITC3;1509140.0;14.22705051011979;5417.6165;278.5616146879352;5.629639272556552;;;;;1677295;14.332692934697064;4816944.0;15.387650260051736;2122.063164251208;7.660144085107548;;;343.0;5.8377304471659395;141.0;4.948759890378168;11.0
Lombardia;2011;ITC4;9746113.0;16.092379096818682;23863.0977;408.4177638010509;6.012290581429429;402677.0;12.905890030731173;41316.676709986845;10.629021491876767;12290536;16.32434009328446;45512293.0;17.633493023254438;1354.8364079001565;7.211435993848079;209280.0;12.251428347250972;391.0;5.968707559985366;;;13.5
Lombardia;2012;ITC4;9811011.0;16.0990158843354;23863.0975;411.1373638732357;6.018927377327289;390277.3;12.87461279108788;39779.519154549926;10.591107464716755;12247807;16.32085745852078;44268722.0;17.605788935983515;1330.2426039626584;7.193116613575782;202791.3;12.219932650370675;368.0;5.908082938168931;;;12.8
Lombardia;2013;ITC4;9877541.0;16.105774152106953;23863.0976;413.92534890357234;6.025685640908273;382129.3;12.853514311992106;38686.68325446586;10.563250717849424;12042609;16.30396166872228;43536902.0;17.58911945827639;1302.993809483566;7.172419826141622;203693.7;12.22437267390157;388.0;5.961005339623274;;;13.7
Lombardia;2014;ITC4;9929769.0;16.111047772910894;23863.0975;416.1140019647492;6.030959265902782;384761.1;12.86037790118751;38748.24278389558;10.564840686240892;12219608;16.318552432633457;43156494.0;17.580343462431863;1305.461175242037;7.174311648318971;205361.5;12.232527119764548;387.0;5.958424693029782;;;13.5
Lombardia;2015;ITC4;9954769.0;16.113562290791318;23863.0976;417.1616429209928;6.0334737795926365;389042.7;12.87144438521398;39081.03744044688;10.573392652386936;12740004;16.360257522079984;44980280.0;17.621734729464954;1303.9301034824089;7.173138139426061;208520.4;12.247792157161422;383.0;5.948034989180646;;;13.2
Lombardia;2016;ITC4;9958447.0;16.11393169370864;23863.0975;417.3157738638079;6.033843186700528;395615.9;12.888199070036258;39726.66621612787;10.589777934291893;13130126;16.390419842577185;46166403.0;17.647762883715913;1307.953595902122;7.176219054248765;211028.1;12.259746578946604;371.0;5.916202062607435;98.5;4.590056548178043;13.0
Lombardia;2017;ITC4;9970419.0;16.115133167133184;23863.0975;417.8174690020858;6.035044660125075;403930.1;12.908997122171654;40512.85106473459;10.609374513002743;13426025;16.412705545537793;46606052.0;17.65724096190797;1308.3148021510278;7.176495177487092;217660.4;12.290691328976932;338.0;5.823045895483019;99.9;4.604169685654508;11.5
Lombardia;2018;ITC4;9986962.0;16.116791000271604;23863.0975;418.5107151324341;6.036702493263492;410264.4;12.924557108884773;41080.000104135775;10.623276666577445;13607229;16.426111753604395;46729360.0;17.659883218884126;1316.032349235732;7.182376693069261;218417.8;12.294165021363295;353.0;5.8664680569332965;102.5;4.629862798578463;11.7
Lombardia;2019;ITC4;10010833.0;16.119178364612296;23863.0974;419.5110480502837;6.039089861794756;410719.4;12.92566553525466;41027.49491475884;10.621997728606638;13802465;16.440357757364616;46766901.0;17.660686267083403;1323.8442478792554;7.188295092023681;220999.2;12.305914360583836;365.0;5.8998973535824915;103.5;4.639571612705423;12.2
Lombardia;2020;ITC4;10027602.0;16.120852048601535;23863.0973;420.2137666345601;6.040763549974567;380035.5;12.848019948391725;37898.94134210752;10.542678457754464;8816229;15.992104785536569;32586972.0;17.299423134560985;1323.9932150628626;7.1884076119089455;217077.3;12.288008790289046;352.0;5.863631175598097;100.5;4.61015772749913;11.2
Lombardia;2021;ITC4;9981554.0;16.116249347588727;23863.0918;418.2841889750431;6.036161079443182;419993.6;12.947994752048212;42076.97518843258;10.64725596242376;11499634;16.257825766740062;42203335.0;17.558009804319678;1324.550199911151;7.18882820902157;228536.1;12.339449463708682;380.0;5.940171252720432;107.4;4.676560182074764;12.1
Lombardia;2022;ITC4;9943004.0;16.1123797462552;23863.0918;416.66872353900095;6.032291478109655;437951.5;12.989863452633891;44046.19569699459;10.692994264342964;13590141;16.42485516134944;46834300.0;17.662126398426345;1346.2555506216695;7.205082351486552;243314.2;12.402108891227966;400.0;5.991464547107982;144.6;4.973971309724664;11.9
Lombardia;2023;ITC4;9976509.0;16.1157437874943;23863.0918;418.0727746267984;6.035655519348753;441407.3;12.997723310955285;44244.66514288716;10.697490081425261;13784722;16.43907143538866;45749934.0;17.638700907061814;1371.530986228343;7.223682903070558;256325.8;12.454204570571166;398.0;5.986452005284438;151.2;5.018603463745433;11.5
Lombardia;2024;ITC4;10012054.0;16.119300325047025;23863.0919;419.56231162148777;6.039212052710907;;;;;13730107;16.435101570867467;45304398.0;17.628914671833428;1403.8569522170403;7.246978693509738;;;380.0;5.940171252720432;144.1;4.970507503005476;10.4
Marche;2011;ITE3;1549616.0;14.253517716266844;9401.1839;164.83200589236426;5.104926809130871;43944.2;10.690675926259141;28358.12227029148;10.252668767956573;1539475;14.246952007176189;5636289.0;15.544736428187836;1289.9253232298206;7.1623396067109555;26512.7;10.18537914245599;313.0;5.746203190540153;;;11.8
Marche;2012;ITE3;1550010.0;14.253771940487521;9401.1839;164.873915507599;5.105181033351548;42311.6;10.652816559118223;27297.630337868788;10.214555176594976;1491991;14.215622027556067;5415679.0;15.504808822984694;1270.0045303209004;7.1467757466280855;25803.8;10.158277046885775;308.0;5.730099782973574;;;11.6
Marche;2013;ITE3;1551668.0;14.254841039315911;9401.1839;165.0502762742467;5.106250132179938;41301.6;10.628656519118811;26617.549630462185;10.189326037767174;1472683;14.202596465223984;4656618.0;15.353799991544067;1258.1664332399623;7.137410728382314;26005.7;10.166071023745296;308.0;5.730099782973574;;;11.9
Marche;2014;ITE3;1549478.0;14.253428657980717;9401.1838;164.81732864322893;5.104837761481702;42002.6;10.645486800111389;27107.580746548192;10.207568700094946;1534604;14.243782925264727;4727400.0;15.368885926461834;1248.7750471113231;7.129918387508415;26031.3;10.167054939115715;293.0;5.680172609017068;;;11.2
Marche;2015;ITE3;1545869.0;14.251096769739826;9401.1838;164.4334408183786;5.102505873240811;41709.8;10.638491392166308;26981.458325382035;10.202905180390756;1683488;14.336378389550735;5026689.0;15.430272074836926;1195.978705978706;7.086720129986447;26269.7;10.176171462743804;295.0;5.68697535633982;;;11.4
Marche;2016;ITE3;1538442.0;14.246280773976082;9401.1839;163.64343218517405;5.09768986684011;41939.0;10.643971460585572;27260.69621084188;10.213201244573764;1508069;14.226340582471435;4530859.0;15.326422104206783;1008.734631147541;6.916451983926625;26802.8;10.196261638653482;303.0;5.713732805509369;99.0;4.59511985013459;11.5
Marche;2017;ITE3;1532460.0;14.242384845309937;9401.1839;163.00712934676238;5.093793938173965;42662.6;10.66107793719112;27839.291074481556;10.234203649845456;1587791;14.277854300036907;4686494.0;15.360195312894733;986.6667241986138;6.8943323169594;27188.7;10.210556724788024;269.0;5.594711379601839;101.1;4.616110126026426;10.0
Marche;2018;ITE3;1526331.0;14.238377374251893;9401.1839;162.35519017982406;5.089786467115921;42873.0;10.665997536149904;28088.926975865656;10.243130719862284;1618306;14.296890481092493;5218756.0;15.46776961728124;1012.0901978892912;6.919772974224817;27683.2;10.228581009986055;277.0;5.6240175061873385;103.9;4.6434288981051814;10.0
Marche;2019;ITE3;1520321.0;14.23443205473674;9401.1839;161.7159089931216;5.0858411476007666;43152.3;10.672490997524422;28383.676868240327;10.253569500751956;1662787;14.324005668191978;5476367.0;15.51595248286718;1018.3620576041296;6.92595078967967;27702.9;10.229292379836279;286.0;5.655991810819852;105.9;4.662495252607361;10.3
Marche;2020;ITE3;1512672.0;14.229388181429881;9401.1839;160.9022880618259;5.080797274293909;39248.7;10.577673601642934;25946.60309703624;10.163795978177326;877092;13.684367168931054;3454220.0;15.055107229927883;1011.164601583128;6.918858016434058;26814.5;10.196698064963114;291.0;5.673323267171493;102.4;4.628886712605407;9.7
Marche;2021;ITE3;1498236.0;14.219798974041833;9346.0194;160.30739247128037;5.077093175029283;42528.3;10.657925015664164;28385.581443777883;10.253636599586605;1197191;13.995488537391495;4249408.0;15.262290237080625;1050.299834574028;6.956830959125173;28273.9;10.249694396602445;312.0;5.7430031878094825;109.2;4.693181063310805;10.6
Marche;2022;ITE3;1487150.0;14.21237209459827;9346.0194;159.1212190293549;5.06966629558572;44340.0;10.699642483170303;29815.418753992537;10.302780946536306;1546865;14.251740860071832;5111162.0;15.446937333589323;1082.6257902492955;6.987144656589098;29999.4;10.30893266044429;305.0;5.720311776607412;145.3;4.9788005705762375;10.5
Marche;2023;ITE3;1484298.0;14.210452491175447;9346.0194;158.81606237624547;5.067746692162896;44406.8;10.701147889846723;29917.71194194158;10.30620595663555;1661157;14.323024905501235;5345008.0;15.491673599166075;1091.5455870108244;6.995349940588138;31504.6;10.35788884589816;318.0;5.762051382780177;152.1;5.024538199265247;10.0
Marche;2024;ITE3;1482746.0;14.209406332007232;9346.0194;158.65000237427284;5.066700532994681;;;;;1695177;14.34329771812356;5101471.0;15.445039487478772;1114.275811648703;7.015959976600947;;;303.0;5.713732805509369;145.9;4.98292145552874;9.2
Molise;2011;ITF2;314816.0;12.659743620155012;4460.4373;70.57962680026912;4.256741530620069;7191.9;8.880710671716637;22844.7728196788;10.0364776095259;812521;13.60789703900587;2359436.0;14.673933165389945;716.3924206583876;6.574228090368429;4587.1;8.431003295100764;228.0;5.429345628954441;;;10.8
Molise;2012;ITF2;313916.0;12.656880713178056;4460.4373;70.37785286209494;4.253878623643113;6901.4;8.839479568554948;21984.862192433644;9.998109413341167;820623;13.617819086869433;2301092.0;14.648894350834473;721.698049063824;6.5816068368236715;4411.8;8.392038048430232;220.0;5.393627546352362;;;10.7
Molise;2013;ITF2;313408.0;12.65526113506199;4460.4373;70.26396268365885;4.252259045527047;6427.9;8.768403169797999;20509.687053297937;9.928652592700283;728565;13.498832125070901;2079671.0;14.547720266089897;724.6309963099632;6.585662554678222;4349.9;8.377908135312742;245.0;5.501258210544727;;;12.5
Molise;2014;ITF2;312897.0;12.653629341883303;4460.4373;70.14939992542884;4.25062725234836;6362.9;8.758239527251996;20335.44584959268;9.92012074333297;737708;13.511303361330334;2045602.0;14.531202680666889;726.1128699013595;6.587705470924561;4311.0;8.368925174747135;211.0;5.351858133476067;;;11.7
Molise;2015;ITF2;311398.0;12.648827115753832;4460.4373;69.81333422173651;4.245825026218888;6488.2;8.7777404214607;20835.71506560736;9.944423863671144;820340;13.617474167449794;2194152.0;14.601306197271722;718.4576612903226;6.577106777255805;4372.1;8.38299872186193;218.0;5.384495062789089;;;10.9
Molise;2016;ITF2;310026.0;12.644411443912098;4460.4373;69.50574106265321;4.241409354377155;6555.5;8.788059670939457;21145.000741873264;9.959158784991633;219613;12.299622185408154;711406.0;13.474998572534583;716.4012096774193;6.574240358735409;4364.9;8.38135055850383;247.0;5.5093883366279774;;;12.4
Molise;2017;ITF2;308400.0;12.639152920671311;4460.4373;69.14120281435186;4.236150831136369;6677.4;8.806483969207434;21651.75097276265;9.982841606500397;237925;12.379710776940545;773990.0;13.559314232591761;714.9395161290322;6.572197946289305;4388.1;8.386651610561152;215.0;5.3706380281276624;;;10.4
Molise;2018;ITF2;306564.0;12.63318182169621;4460.4373;68.72958398047653;4.230179732161266;6776.7;8.821245536781339;22105.335264414607;10.003574273049404;251630;12.435715033584213;780090.0;13.567164576624867;712.4506170824083;6.5687106003827775;4448.0;8.400209835930418;240.0;5.480638923341991;;;10.5
Molise;2019;ITF2;303790.0;12.62409195220969;4460.4373;68.10767186437079;4.221089862674747;6857.7;8.833127387534113;22573.817439678725;10.024545993288697;259643;12.467062889540674;794075.0;13.584933194206643;700.8571428571429;6.5523040757631215;4479.5;8.407266712037632;221.0;5.3981627015177525;;;10.9
Molise;2020;ITF2;300516.0;12.613256276132303;4460.4373;67.37366311594606;4.21025418659736;6237.0;8.738254576526122;20754.30259952881;9.940508858358095;121311;11.706112775074489;429786.0;12.971042689370124;690.7551020408164;6.537785350009786;4444.3;8.399377655231717;231.0;5.442417710521793;;;10.3
Molise;2021;ITF2;294294.0;12.592334546653902;4460.563;65.97687332294151;4.189304276422674;6703.0;8.810310466357958;22776.54318470645;10.03348647766833;177785;12.088330234048618;607559.0;13.317204568822627;690.894925981549;6.537987751397075;4641.4;8.442771323848659;249.0;5.517452896464707;;;10.9
Molise;2022;ITF2;292150.0;12.585022647982584;4460.563;65.49621650899225;4.181992377751355;6924.5;8.842821126282772;23701.865480061613;10.073309036264464;236581;12.374045922990787;764150.0;13.546519383955982;685.0869565217391;6.529545774032896;4943.5;8.505828861337188;256.0;5.545177444479562;;;11.3
Molise;2023;ITF2;290636.0;12.57982690406985;4460.563;65.15679747152994;4.176796633838622;7006.4;8.854579296047135;24107.13056882148;10.090262949941557;257141;12.457379851562777;838714.0;13.639625045333483;673.8318777292576;6.512980640226249;5163.9;8.54944738694557;260.0;5.560681631015528;156.2;5.051137237405586;10.4
Molise;2024;ITF2;289224.0;12.574956753375337;4460.563;64.84024550264171;4.171926483144109;;;;;261388;12.473761172462051;860689.0;13.665488510260788;668.7192834458118;6.50536436585936;;;252.0;5.529429087511423;143.9;4.969118613893322;9.5
Piemonte;2011;ITC1;4410887.0;15.299586360985188;25386.697;173.74796729168824;5.157605785335824;139833.2;11.848205562704743;31701.83230719808;10.364129759683829;5245637;15.472907241437248;18947271.0;16.757170468568106;1102.8424732307126;7.005646192400301;85934.3;11.3613383297861;347.0;5.849324779946859;;;12.9
Piemonte;2012;ITC1;4416745.0;15.300913557420174;25386.697;173.97871806639515;5.15893298177081;132774.0;11.79640371372392;30061.5045695416;10.31100071426802;4733233;15.370119036495618;16677890.0;16.629594448092266;1070.4978377580378;6.975879088184669;82633.5;11.322170446295454;352.0;5.863631175598097;;;13.1
Piemonte;2013;ITC1;4425816.0;15.302965226202987;25386.697;174.3360311898787;5.160984650553623;132507.3;11.7943930172304;29939.63147134901;10.306938348991686;4637034;15.349585495673653;16085933.0;16.593455721324958;1051.760439751673;6.958220648498546;82511.5;11.320692956547735;362.0;5.8916442118257715;;;13.7
Piemonte;2014;ITC1;4420924.0;15.301859281979777;25386.697;174.14333184029414;5.159878706330413;131140.5;11.784024546529574;29663.595212222604;10.297675822514071;4873380;15.39929829949534;16861835.0;16.640563342100787;1048.6018147019363;6.955212950731953;83035.9;11.32702832338503;354.0;5.869296913133774;;;14.4
Piemonte;2015;ITC1;4403562.0;15.297924316837856;25386.697;173.4594303465315;5.155943741188491;132573.6;11.79489324188923;30105.99146781628;10.312479483015649;4919308;15.408678428169791;16932238.0;16.644729936749062;1019.1204743908332;6.926695254292075;83333.6;11.330607108171154;348.0;5.8522024797744745;;;13.8
Piemonte;2016;ITC1;4384226.0;15.293523657376166;25386.6972;172.69777023219862;5.151543073848661;134131.6;11.806576686550851;30594.134517700502;10.328563587138959;5049113;15.434723142260049;17122755.0;16.655918838628367;1000.1277735793764;6.907883044399165;84305.2;11.342198826547799;350.0;5.857933154483459;98.2;4.58700621536042;13.9
Piemonte;2017;ITC1;4370348.0;15.290353197768441;25386.6972;172.15110597372234;5.148372614240936;138049.3;11.83536614671886;31587.713381176967;10.360523506914692;5070239;15.438898514495756;16997123.0;16.648554652404464;991.6054669127116;6.899325313369629;86429.3;11.367082017674202;310.0;5.736572297479192;99.5;4.600157644164547;12.3
Piemonte;2018;ITC1;4349911.0;15.285665943085448;25386.6974;171.34607670551114;5.1436853516798;139084.0;11.84283334613388;31973.987513767523;10.372677961012705;5055682;15.436023317261201;16561560.0;16.622594905383124;985.6484437564689;6.893299743109983;87409.1;11.378354675216755;317.0;5.75890177387728;101.7;4.622027303054514;12.3
Piemonte;2019;ITC1;4328565.0;15.280746636274667;25386.6971;170.50524465429572;5.138766056686231;138296.6;11.837155933113486;31949.757021091285;10.371919854803094;5273804;15.478262481761485;17320008.0;16.66737292299222;975.59796022237;6.8830505755466005;87812.4;11.382957999719517;347.0;5.849324779946859;102.8;4.632785353021065;12.6
Piemonte;2020;ITC1;4311217.0;15.276730788811316;25386.6971;169.82189463315413;5.134750209222879;124757.0;11.734123124263983;28937.768616147136;10.27290289341694;3037126;14.926422231478103;10938997.0;16.207844668853788;964.5885680686614;6.871701656091142;84984.5;11.350224165902958;345.0;5.84354441703136;99.5;4.600157644164547;12.1
Piemonte;2021;ITC1;4274945.0;15.268281794773161;25386.7279;168.3929105333815;5.126300001951621;135915.4;11.819787912335796;31793.48506238092;10.367016675526909;4067341;15.218500026960944;14083285.0;16.460499191140794;947.9961430168116;6.854350433699079;88835.7;11.394543875216076;356.0;5.87493073085203;105.6;4.659658371272161;12.5
Piemonte;2022;ITC1;4256350.0;15.263922543464458;25386.7279;167.6604411866722;5.12194075064292;140806.1;11.855139045631264;33081.4195261198;10.406727060131079;4873626;15.399348776534147;15828932.0;16.577349962746084;946.6973876122572;6.852979493663685;93821.3;11.449147188107066;359.0;5.883322388488279;138.4;4.93014804318357;12.6
Piemonte;2023;ITC1;4251351.0;15.26274737273965;25386.7279;167.46352727087762;5.120765579918111;141165.1;11.857685406351637;33204.762439045844;10.41044859157626;4818684;15.388011419701924;15376449.0;16.54834761111862;957.8541074366912;6.864695477685547;99483.6;11.507748085441094;370.0;5.91350300563827;151.4;5.019925341003349;12.3
Piemonte;2024;ITC1;4251623.0;15.262811350355033;25386.728;167.47424087105674;5.120829553594429;;;;;4763560;15.376505845830058;15187864.0;16.536007245856023;972.8679017362078;6.880248309080464;;;372.0;5.918893854273146;142.4;4.958639998977875;11.4
Puglia;2011;ITF4;4101558.0;15.226877459492822;19540.5182;209.90016528834943;5.346632014288637;78759.3;11.274151644953282;19202.288496225094;9.862784743424733;2633665;14.783886970205273;9328219.0;16.048554664998356;985.4984904706806;6.893147594852059;53745.3;10.892011500306182;253.0;5.53338948872752;;;11.5
Puglia;2012;ITF4;4102797.0;15.22717949420717;19540.5181;209.96357307434957;5.346934054120558;77659.2;11.260085301919181;18928.355460920928;9.848416365676286;2580570;14.763520862728868;8884657.0;15.9998364144363;969.2531205059828;6.8765257960516415;52517.2;10.868896013971932;244.0;5.497168225293202;;;11.4
Puglia;2013;ITF4;4090530.0;15.224185103975735;19540.5182;209.3357994978864;5.343939658771552;74995.1;11.2251780570508;18333.834490885045;9.816503511039338;2537147;14.746550779354534;8558958.0;15.96248901173639;936.423268749882;6.842067584464238;52409.9;10.866850783761574;244.0;5.497168225293202;;;11.8
Puglia;2014;ITF4;4077788.0;15.221065242497426;19540.5182;208.68371853106743;5.340819797293242;75173.8;11.22755804497575;18434.9456126704;9.822003360442597;2607288;14.773821158620752;8499794.0;15.955552485872747;1018.8722249743972;6.9264516327935866;52812.2;10.874497503610023;257.0;5.54907608489522;;;11.6
Puglia;2015;ITF4;4063269.0;15.217498380014295;19540.5182;207.9406983178164;5.33725293481011;76092.0;11.239698413488032;18726.79362355778;9.837710591438013;2822965;14.853298309000781;9229763.0;16.03794392900961;1010.5290465144952;6.91822928112575;53960.5;10.896007576401816;260.0;5.560681631015528;;;12.4
Puglia;2016;ITF4;4043735.0;15.212679327796337;19540.5181;206.94103295040065;5.332433887709725;76539.6;11.24556353294043;18927.9465642531;9.848394763108367;3013065;14.918468391062614;9511083.0;16.067968308163906;1007.5695302843015;6.915296304128705;54457.8;10.905181368790412;258.0;5.552959584921617;98.9;4.594109238628667;11.6
Puglia;2017;ITF4;4024067.0;15.207803640722505;19540.5181;205.93450897292223;5.327558200635892;76853.9;11.249661495889896;19098.5637167572;9.857368413131665;3208714;14.981380791782383;10244421.0;16.14224382268473;995.884816986496;6.903631605301244;55325.3;10.920985587407937;243.0;5.493061443340548;101.7;4.622027303054514;10.4
Puglia;2018;ITF4;4000966.0;15.202046389927734;19540.5181;204.7522987632554;5.321800949841121;77371.5;11.256373774715009;19338.20482353512;9.86983794275155;3424226;15.046386018738454;10404485.0;16.157747521150046;990.582298136646;6.898292950154621;56351.8;10.939369462169816;233.0;5.4510384535657;104.2;4.646312129319266;10.1
Puglia;2019;ITF4;3975528.0;15.1956681274381;19540.5181;203.45049090586804;5.315422687351488;77445.5;11.257329742155736;19480.557048019786;9.877172172681911;3457577;15.056078612699677;10542495.0;16.17092479033193;983.5462292002148;6.891164641503493;56783.3;10.94699754739412;242.0;5.488937726156687;104.9;4.653007515402251;10.8
Puglia;2020;ITF4;3953305.0;15.190062495892338;19540.5181;202.31321297463447;5.309817055805725;71840.6;11.1822050548343;18172.288755863763;9.807653116906236;1860188;14.43618811585044;6674043.0;15.713736381185496;974.434340320592;6.881857138863972;56263.8;10.9378066233107;251.0;5.5254529391317835;101.3;4.618086411254637;10.9
Puglia;2021;ITF4;3933777.0;15.185110591016894;19542.6469;201.29192427869123;5.304756214000424;78263.9;11.26784172840978;19895.357566023697;9.89824169535716;2625022;14.780599834925122;8836664.0;15.994419987824138;964.0783462637188;6.871172563365951;58616.3;10.978768093883206;257.0;5.54907608489522;109.4;4.695010889987881;11.3
Puglia;2022;ITF4;3922941.0;15.182352185568016;19542.6469;200.73744462936597;5.301997808551547;82594.0;11.321692317645532;21054.102011730483;9.95485069004179;3366723;15.029450425676655;10765699.0;16.19187561932468;976.7994974175786;6.8842814082770944;61799.1;11.031644080232942;248.0;5.5134287461649825;152.2;5.025195445427586;10.6
Puglia;2023;ITF4;3907683.0;15.178455173194573;19542.6469;199.9566906159472;5.298100796178103;83378.9;11.331150558735628;21337.17090152912;9.968205943505328;3518982;15.073682301201126;11054928.0;16.21838685936238;983.9050982800984;6.891529447563853;64348.5;11.07206890272928;270.0;5.598421958998375;156.8;5.054971107916307;10.4
Puglia;2024;ITF4;3890661.0;15.17408962403855;19542.6469;199.08567247356856;5.293735247022079;;;;;3564211;15.086453268962936;11201922.0;16.23159592868536;1000.570316894112;6.908325433307377;;;262.0;5.568344503761097;147.6;4.994505912166372;10.0
Sardegna;2011;ITG2;1655833.0;14.319814763431474;24099.7586;68.70745170036682;4.229857660600404;36627.1;10.508543682559575;22120.0447146542;10.004239477092375;863506;13.668756125010278;2530275.0;14.743838550448933;900.7952645579644;6.803278000442172;22910.5;10.039350599740162;265.0;5.579729825986222;;;11.7
Sardegna;2012;ITG2;1655079.0;14.319359299793035;24099.7586;68.6761650799274;4.229402196961966;36162.2;10.495769653363357;21849.228949192155;9.991920911534596;831189;13.630612484800857;2476328.0;14.722287375741614;905.1194267515924;6.808066898254969;22654.4;10.028109372530707;266.0;5.583496308781699;;;11.6
Sardegna;2013;ITG2;1654583.0;14.31905957129888;24099.7586;68.65558396091154;4.22910246846781;35059.5;10.464801897107133;21189.326857582848;9.961252883772527;808359;13.602761545758828;2278275.0;14.638929135632964;898.8345531955607;6.80109898327001;23163.3;10.050324408583249;265.0;5.579729825986222;;;11.8
Sardegna;2014;ITG2;1652528.0;14.317816794588635;24099.7586;68.57031339724705;4.227859691757566;34854.7;10.458943270796956;21091.74549538646;9.956637034172594;888681;13.697493619954868;2432166.0;14.704292776317768;1088.9547940727828;6.992973610659752;23238.7;10.053574271363392;256.0;5.545177444479562;;;12.0
Sardegna;2015;ITG2;1648642.0;14.315462476698343;24099.7586;68.40906696882847;4.225505373867274;35842.4;10.486886829132573;21740.559806192006;9.986934910398503;942739;13.756544747059957;2514429.0;14.73755629796564;1054.0819609161183;6.960425487858015;23473.8;10.06364018455902;250.0;5.521460917862246;;;12.1
Sardegna;2016;ITG2;1642492.0;14.311725158704993;24099.7927;68.153781256384;4.221766640922992;34951.5;10.46171666519592;21279.555699510256;9.965502064455203;1024647;13.839858720994805;2698448.0;14.808187350890371;1046.911971830986;6.95360013076569;23572.1;10.067819088270204;253.0;5.53338948872752;98.7;4.592084946439436;11.7
Sardegna;2017;ITG2;1636839.0;14.308277500875112;24099.7927;67.91921492337151;4.218318983093113;35146.6;10.467283164253072;21472.240092031043;9.974516221342233;1107663;13.91776294840133;2970575.0;14.904266094733902;1046.8246667062858;6.953516734293427;23531.8;10.066107976883126;243.0;5.493061443340548;103.3;4.637637376125593;11.1
Sardegna;2018;ITG2;1631040.0;14.304728406133814;24099.7927;67.67859044696263;4.214769888351813;35194.5;10.468645099377886;21577.950264861684;9.979427251208346;1151268;13.956374501608579;3056116.0;14.93265538666334;1050.2601969057664;6.956793219029511;24264.4;10.096765534560594;250.0;5.521460917862246;105.4;4.657762636107262;10.8
Sardegna;2019;ITG2;1622257.0;14.299328947468712;24099.453;67.31509632189577;4.209384525342984;35573.1;10.47934501323944;21928.15318411325;9.995526623735001;1172777;13.97488499873532;3044932.0;14.928989127185481;1049.6769662921347;6.956237744666898;24507.3;10.10672631133547;258.0;5.552959584921617;105.8;4.661550519424199;11.1
Sardegna;2020;ITG2;1611621.0;14.2927510627431;24099.453;66.87375850397932;4.202806640617372;32335.6;10.383924069453087;20064.02249660435;9.90668356467426;673192;13.419785857686882;1981385.0;14.499306653087647;1046.0358146067415;6.952762883624502;24347.4;10.100180346629056;247.0;5.5093883366279774;102.9;4.633757642840004;10.3
Sardegna;2021;ITG2;1590044.0;14.2792722467695;24108.5367;65.95356739341214;4.188950970094805;35084.2;10.465506165659288;22064.923989524817;10.001744476854062;903204;13.713703720505745;2469917.0;14.719695104800692;1043.8622216619128;6.950682788145362;25509.7;10.146814050972626;252.0;5.529429087511423;109.6;4.696837374513915;10.5
Sardegna;2022;ITG2;1587413.0;14.27761620509763;24108.5367;65.84443592547034;4.1872949284229355;37266.9;10.525860812196106;23476.49918452224;10.06375516506275;1183211;13.98374248715769;3103454.0;14.948026242750808;1048.726530022367;6.955331878529684;27386.9;10.217820075859088;267.0;5.58724865840025;153.6;5.034351820713572;12.0
Sardegna;2023;ITG2;1578146.0;14.271761298288018;24108.5367;65.46004926130585;4.181440021613324;37694.8;10.53727743288826;23885.49601874605;10.081026692564516;1225262;14.018665256643443;3260345.0;14.997343575964338;1065.413223140496;6.971118005838669;28654.3;10.263058798140955;296.0;5.69035945432406;158.8;5.067645548813036;12.4
Sardegna;2024;ITG2;1570453.0;14.266874670738112;24108.5367;65.14095067412366;4.176553394063416;;;;;1220466;14.01474331099165;3164009.0;14.967350452366269;1088.3633996600415;6.992430378688433;;;271.0;5.602118820879701;146.9;4.989752083179832;9.8
Sicilia;2011;ITG1;5059482.0;15.436774664481822;25832.0162;195.86090225508607;5.277404724914766;97567.1;11.48829562540959;19284.009706922567;9.867031518892041;2738490;14.822917231565139;8442811.0;15.94882586799305;909.1841012193712;6.812547605265192;64104.2;11.068265163383153;213.0;5.3612921657094255;;;12.1
Sicilia;2012;ITG1;5061946.0;15.437261552310037;25832.0162;195.95628776355449;5.277891612742981;95159.2;11.463306557487902;18798.936219390725;9.84155556314214;2720414;14.816294632572394;8228579.0;15.923123896749273;904.1548442906576;6.807000633656217;62340.4;11.040364969726793;216.0;5.375278407684165;;;12.0
Sicilia;2013;ITG1;5053540.0;15.435599545771751;25832.0162;195.63087762386897;5.276229606204695;93262.4;11.443172304536867;18454.86530234252;9.82308331672939;2607435;14.773877537454313;7735588.0;15.861342057199622;884.0013374569503;6.78445857559685;61755.1;11.030931842172885;217.0;5.37989735354046;;;12.2
Sicilia;2014;ITG1;5041754.0;15.43326459537709;25832.0162;195.1746221032488;5.273894655810033;90995.4;11.418564234770772;18048.361740775134;9.800810197357956;2645299;14.788294660363865;7780036.0;15.867071523393227;928.3166637335448;6.8333729070511335;61904.1;11.033341692343487;224.0;5.4116460518550396;;;12.3
Sicilia;2015;ITG1;5028266.0;15.430585751031982;25832.0162;194.65247935234729;5.271215811464926;91736.6;11.426676706204296;18244.181990372028;9.811601513136585;2721973;14.816867542967277;8079479.0;15.90483794822032;904.5287571097836;6.807414097707269;62617.7;11.044803264726454;226.0;5.420534999272286;;;12.4
Sicilia;2016;ITG1;5004400.0;15.425828083425381;25832.0161;193.72858783562;5.26645814772949;91832.7;11.427723722331491;18350.391655343297;9.817406196870383;2953796;14.898601680785605;8474351.0;15.95255463012744;882.7301520270271;6.783019550304265;63492.0;11.058669192692133;256.0;5.545177444479562;98.7;4.592084946439436;14.0
Sicilia;2017;ITG1;4977900.0;15.42051867331899;25832.0161;192.70272907579985;5.261148737623097;92235.9;11.43210470469225;18529.078527089736;9.827096589337536;3104145;14.94824887311171;8845434.0;15.995411951641907;859.9243294145706;6.756844396323465;64611.4;11.076146144789826;235.0;5.459585514144159;100.5;4.61015772749913;12.8
Sicilia;2018;ITG1;4942188.0;15.413318706085976;25832.0162;191.32025784344316;5.25394876651892;91219.7;11.421026161507816;18457.351278421625;9.823218013386116;3151242;14.963307218805916;8974306.0;16.009876163443522;843.755212677231;6.737862420155485;65554.8;11.090641713055536;236.0;5.4638318050256105;103.1;4.635699391022914;12.4
Sicilia;2019;ITG1;4908548.0;15.406488733021774;25832.5454;190.01410523021863;5.24709830745876;91204.6;11.42086061338693;18580.769710309443;9.829882438329431;3321768;15.016007729269308;9348215.0;16.0506959739485;833.3710992590484;6.725479040272161;66458.1;11.104326952875185;276.0;5.62040086571715;105.7;4.660604892876192;13.9
Sicilia;2020;ITG1;4875290.0;15.39969014782428;25832.5454;188.72665951068063;5.240299722261266;83567.8;11.333413557412637;17141.093145228282;9.749233967552632;1794214;14.400077600997399;5690527.0;15.554313420442847;815.1228503532171;6.703338838510953;66005.0;11.09748577571486;262.0;5.568344503761097;102.1;4.625952725170619;12.7
Sicilia;2021;ITG1;4833705.0;15.391123812318028;25835.2801;187.0970618971536;5.2316275297743475;90649.5;11.414755700447984;18753.626876278133;9.839142446094229;2437607;14.706527378326573;7585841.0;15.841794041348788;794.4865230288486;6.6776960229994815;69561.4;11.149965094775173;258.0;5.552959584921617;109.3;4.694096395182493;11.9
Sicilia;2022;ITG1;4833329.0;15.391046022170567;25835.2801;187.08250815519511;5.231549739626886;97722.3;11.489885061729979;20218.425023415537;9.914349597523685;3267461;14.999523788678601;9608694.0;16.07817887160716;791.4992781386707;6.6739289673038105;74040.2;11.212363467926357;258.0;5.552959584921617;153.6;5.034351820713572;11.7
Sicilia;2023;ITG1;4814016.0;15.387042220959016;25835.2801;186.3349644891212;5.227545938415335;99728.9;11.510210783554678;20716.36238849227;9.938679120559936;3388374;15.035860718271987;9828382.0;16.100784880406714;793.3082784184514;6.676211895673213;78902.7;11.275970726780775;244.0;5.497168225293202;159.0;5.0689042022202315;10.3
Sicilia;2024;ITG1;4797359.0;15.383576116124637;25835.2801;185.69022597900923;5.224079833580956;;;;;3448842;15.05354908048983;10169531.0;16.134906650933836;789.3473266683961;6.671206435221379;;;231.0;5.442417710521793;150.0;5.0106352940962555;9.3
Toscana;2011;ITE1;3726263.0;15.130916412730492;22986.5793;162.10602505784755;5.088250596822311;120972.0;11.703314392841941;32464.697204679327;10.387908538075724;3517442;15.073244578851083;13441128.0;16.4138298181089;1911.1942080175115;7.555483565459452;68659.2;11.13691041532714;344.0;5.840641657373398;;;12.8
Toscana;2012;ITE1;3733535.0;15.132866063995444;22986.5793;162.42238356883314;5.090200248087262;118657.6;11.683997313752704;31781.568942034828;10.366641807721534;3449257;15.053669403494908;12923645.0;16.37456913727319;1885.6456777264696;7.542025575833429;66716.9;11.10821357312346;327.0;5.7899601708972535;;;12.1
Toscana;2013;ITE1;3743537.0;15.135541444402616;22986.5793;162.8575070323752;5.0928756284944345;116353.8;11.664390828274461;31081.24749401435;10.34435994183612;3387782;15.035685987937708;12316183.0;16.326424646636504;1830.89876008608;7.512562251002796;66711.8;11.10813712780094;362.0;5.8916442118257715;;;14.0
Toscana;2014;ITE1;3744293.0;15.135743372064589;22986.5794;162.89039507983514;5.093077551806042;117402.2;11.673360925553194;31354.97141917045;10.35312811145288;3469229;15.059442937033413;12290950.0;16.324373777171594;1808.0234987503352;7.499989537964084;67467.2;11.119396832834433;347.0;5.849324779946859;;;13.1
Toscana;2015;ITE1;3739044.0;15.134340521742377;22986.5794;162.66204444494252;5.09167470148383;117363.3;11.67302953103095;31388.584889613496;10.354199567252847;3746796;15.136411632738877;12937089.0;16.3756088603693;1732.7506182830048;7.457465377619848;67882.1;11.12552765581718;325.0;5.783825182329737;;;11.9
Toscana;2016;ITE1;3726422.0;15.130959081916169;22986.5794;162.11294143225155;5.088293261657622;118124.5;11.679494431982853;31699.174167606358;10.364045908030958;3900524;15.176621461048875;13419844.0;16.412245064999112;1675.712669683258;7.42399382820835;69645.2;11.15116906082452;346.0;5.846438775057725;98.9;4.594109238628667;12.5
Toscana;2017;ITE1;3721391.0;15.129608081088083;22986.5794;161.89407459206393;5.086942260829536;119862.0;11.694096360006787;32208.92402867637;10.37999883688298;4112830;15.229621913997548;13894212.0;16.44698290850347;1627.3916677099744;7.394733808248205;70746.2;11.166854103815687;322.0;5.7745515455444085;100.8;4.613138355637268;11.7
Toscana;2018;ITE1;3712048.0;15.127094303839106;22986.5795;161.487619330227;5.084428479230195;121287.0;11.705914916888698;32673.877061934545;10.394331171013866;4238477;15.259714564567838;14055088.0;16.45849502342021;1588.964225196089;7.370837652246826;72342.2;11.189162916987256;316.0;5.755742213586912;103.6;4.640537329825382;11.2
Toscana;2019;ITE1;3701343.0;15.124206284728672;22987.4371;161.0159055095359;5.081503152089551;124534.8;11.73234047390129;33645.8415229283;10.423644747136892;4315591;15.277744837199737;14329768.0;16.477849609861714;1559.1498838109992;7.351896005431395;72405.8;11.19004168566237;313.0;5.746203190540153;104.7;4.651099117876491;11.1
Toscana;2020;ITE1;3692555.0;15.12182918833429;22987.4371;160.63360973807733;5.07912605569517;108108.7;11.590892481424952;29277.47860221445;10.284573851054935;2473168;14.72101047787995;9608843.0;16.07819437827693;1534.0158546017014;7.335644317337742;68657.1;11.136879829009272;308.0;5.730099782973574;101.5;4.620058798481842;10.3
Toscana;2021;ITE1;3692865.0;15.12191313752071;22989.7753;160.63075657812104;5.079108293625949;118122.5;11.679477500550918;31986.682426787876;10.373074920994483;3291710;15.00691774455366;11969887.0;16.29790463722226;1518.5633817990345;7.325520023357257;72313.6;11.188767495574872;328.0;5.793013608384144;108.1;4.683056724645162;11.3
Toscana;2022;ITE1;3663191.0;15.113845183453693;22989.7753;159.34000886037367;5.071040339558931;125781.6;11.742302348639898;34336.620722206404;10.44396772315048;4094447;15.225142223415173;13958073.0;16.4515686085212;1510.2418730650154;7.320025097819148;77694.7;11.260542322961047;338.0;5.823045895483019;146.0;4.983606621708336;11.3
Toscana;2023;ITE1;3661981.0;15.113514815781505;22989.7753;159.28737676701;5.070709971886744;125658.9;11.741326372138582;34314.45985110245;10.44332211432135;4274786;15.268244600620498;14274707.0;16.473999787901654;1512.5803018575853;7.321572280632905;80762.4;11.299266789667232;336.0;5.817111159963204;154.7;5.04148775757902;10.2
Toscana;2024;ITE1;3660530.0;15.113118503636944;22989.7753;159.22426175257135;5.070313659742183;;;;;4240134;15.260105430482337;13834506.0;16.442676464024288;1521.7976358454162;7.327647570216059;;;323.0;5.777652323222656;147.1;4.991112627607392;9.7
Trentino Alto Adige;2011;;;;;;;;;;;1203944;14.001113392141297;;;;;21876.3;9.993159138031436;320.0;5.768320995793772;;;11.1
Trentino Alto Adige;2012;;;;;;;;;;;1207871;14.004369863695175;;;;;21411.0;9.971660087639178;336.0;5.817111159963204;;;12.7
Trentino Alto Adige;2013;;;;;;;;;;;1205719;14.00258662746179;;;;;21897.8;9.994141454137484;355.0;5.872117789475416;;;12.6
Trentino Alto Adige;2014;;;;;;;;;;;1232527;14.024577091352747;;;;;21844.8;9.991718185930488;348.0;5.8522024797744745;;;13.0
Trentino Alto Adige;2015;;;;;;;;;;;1299166;14.077233078096372;;;;;22265.1;10.01077570909986;322.0;5.7745515455444085;;;12.0
Trentino Alto Adige;2016;;;;;;;;;;;1339922;14.108121961277662;;;;;22738.6;10.031819199885986;340.0;5.8289456176102075;98.6;4.591071261608589;12.5
Trentino Alto Adige;2017;;;;;;;;;;;1391890;14.146173093765515;;;;;23383.2;10.059773094779242;294.0;5.683579767338681;98.5;4.590056548178043;10.2
Trentino Alto Adige;2018;;;;;;;;;;;1478390;14.206464215777416;;;;;24305.3;10.098449712542651;267.0;5.58724865840025;101.5;4.620058798481842;9.3
Trentino Alto Adige;2019;;;;;;;;;;;1497574;14.219357023443647;;;;;24618.5;10.111253471806014;310.0;5.736572297479192;102.9;4.633757642840004;10.5
Trentino Alto Adige;2020;;;;;;;;;;;1006858;13.82234514884781;;;;;23863.4;10.080101183404487;316.0;5.755742213586912;99.5;4.600157644164547;10.8
Trentino Alto Adige;2021;;;;;;;;;;;1382117;14.139126939639473;;;;;24555.6;10.108695213116784;343.0;5.8377304471659395;108.3;4.684905154006945;11.5
Trentino Alto Adige;2022;;;;;;;;;;;1562249;14.261637007688707;;;;;26528.9;10.185989983776905;358.0;5.8805329864007;159.7;5.073297055220967;11.2
Trentino Alto Adige;2023;;;;;;;;;;;1598832;14.284783920630266;;;;;27876.2;10.235528557163178;385.0;5.953243334287785;160.6;5.078916801512661;10.9
Trentino Alto Adige;2024;;;;;;;;;;;1619719;14.297763235373074;;;;;;;292.0;5.676753802268282;147.3;4.9924713234685845;8.4
Umbria;2011;ITE2;889450.0;13.698358573153415;8464.1137;105.08483599411004;4.6547679857807225;24518.6;10.107187292172133;27566.02394738321;10.224339276982992;927221;13.739947219586401;3881741.0;15.171794322298833;1037.9951811759536;6.945046421302682;16051.3;9.683545122162826;292.0;5.676753802268282;;;11.4
Umbria;2012;ITE2;890407.0;13.69943394054779;8464.1137;105.1979015830092;4.655843353175096;23406.9;10.060786129674522;26287.866110666248;10.176862747091006;901479;13.711792026845036;3642850.0;15.108276900287105;1033.6481768145854;6.940849742637319;15403.9;9.642376003093421;288.0;5.662960480135946;;;11.2
Umbria;2013;ITE2;892742.0;13.702052904341215;8464.1137;105.47377216825431;4.658462316968522;22743.2;10.032021478600358;25475.669342318382;10.145479132223418;960024;13.774713563131524;4319823.0;15.278724987158686;995.1643836135952;6.902907933174884;15245.8;9.632059334267238;320.0;5.768320995793772;;;13.0
Umbria;2014;ITE2;892099.0;13.70133239195068;8464.1137;105.3978043796836;4.657741804577987;22100.0;10.003332887505843;24773.035279716714;10.117511053519438;991191;13.8066625293527;4372239.0;15.290785792841156;1043.914800995025;6.950733156870137;15143.3;9.625313468894275;317.0;5.75890177387728;;;12.6
Umbria;2015;ITE2;888288.0;13.697051293716866;8464.1137;104.94755050372255;4.653460706344173;22741.4;10.031942330932756;25601.381533916927;10.150401595180163;1128339;13.936257197804364;4700201.0;15.363115831723297;1018.7810945273632;6.926362186324727;15183.6;9.627971176983218;299.0;5.700443573390687;;;12.5
Umbria;2016;ITE2;884092.0;13.692316408602814;8464.2234;104.45045673061983;4.648712860713166;22544.3;10.02323754136007;25499.947969215875;10.14643169072153;1139699;13.946274750419558;4765283.0;15.376867484702434;972.9975124378108;6.880381525592615;15269.5;9.633612653734213;304.0;5.717027701406222;97.6;4.580877493419047;12.1
Umbria;2017;ITE2;880992.0;13.688803824286849;8464.2233;104.0842105382546;4.645200288211634;22893.8;10.038621410526924;25986.388071628346;10.165328144204349;1168538;13.971263952757479;4879850.0;15.400625039651999;938.3853838746712;6.844160721636839;15512.2;9.64938209008331;282.0;5.641907070938114;100.0;4.605170185988092;10.8
Umbria;2018;ITE2;876477.0;13.683665742268955;8464.2233;103.55078888336983;4.640062206193741;23314.2;10.056817895979483;26599.89936986367;10.188662711674803;1159347;13.963367473542903;4037654.0;15.211174388200506;926.9199751861042;6.831867235179413;15809.8;9.668385279902123;280.0;5.634789603169249;102.2;4.626931677769604;10.1
Umbria;2019;ITE2;873744.0;13.68054270555379;8464.2233;103.22790042649277;4.636939169478575;23210.0;10.052338499268483;26563.84478748924;10.187306351678966;1184463;13.984800065284318;4151872.0;15.239069874836275;906.3641975308642;6.809441209298696;15834.7;9.669959013419103;292.0;5.676753802268282;103.2;4.636668853047462;10.5
Umbria;2020;ITE2;870165.0;13.676438127820912;8464.2234;102.80506065092752;4.632834579931264;20979.4;9.951296282875942;24109.680347979986;10.090368713019306;617987;13.33422270061987;2384143.0;14.684350288589933;882.2098765432099;6.782429982964338;15238.3;9.631567274462205;287.0;5.659482215759621;99.9;4.604169685654508;10.1
Umbria;2021;ITE2;865452.0;13.671007192788382;8464.2026;102.24849769073344;4.62740610230381;22760.2;10.03276867554788;26298.62776907327;10.177272040723773;807153;13.601268520360035;3067658.0;14.936424961983187;791.3672839506173;6.673762188635892;16027.3;9.682048797231067;310.0;5.736572297479192;106.6;4.669083511731744;11.0
Umbria;2022;ITE2;858812.0;13.663305317874704;8464.2026;101.46401741376086;4.619704227390132;23615.0;10.069637382330217;27497.286949879603;10.22184262241979;1060803;13.874536726464035;3839253.0;15.160788374390252;753.5317678487097;6.6247711775609845;17146.3;9.74953768587789;320.0;5.768320995793772;145.0;4.976733742420574;10.1
Umbria;2023;ITE2;856407.0;13.660501009414844;8464.2026;101.17987960259836;4.616899918930272;23601.4;10.069061311288117;27558.625746870355;10.224070859837548;1170492;13.972934731203715;4156846.0;15.24026717160196;715.4155124653739;6.5728635102149;18036.7;9.800163850054194;334.0;5.811140992976701;154.4;5.039546637590676;9.6
Umbria;2024;ITE2;853068.0;13.656594541936547;8464.2026;100.78539471633157;4.612993451451977;;;;;1159745;13.963710711330716;4055503.0;15.215585282228423;717.1770551124775;6.575322748905322;;;328.0;5.793013608384144;148.1;4.997887721273753;8.9
Valle d'Aosta;2011;;;;;;;;;;;132767;11.796350991168824;;;;;2499.0;7.823645930834952;351.0;5.860786223465865;;;13.0
Valle d'Aosta;2012;;;;;;;;;;;130403;11.778384934345022;;;;;2422.7;7.7926378996966115;354.0;5.869296913133774;;;13.2
Valle d'Aosta;2013;;;;;;;;;;;125703;11.74167726064199;;;;;2396.2;7.781639428205799;359.0;5.883322388488279;;;13.8
Valle d'Aosta;2014;;;;;;;;;;;126214;11.745734157960188;;;;;2414.3;7.789164668998109;358.0;5.8805329864007;;;14.5
Valle d'Aosta;2015;;;;;;;;;;;131790;11.788965025637935;;;;;2421.7;7.792225051866456;343.0;5.8377304471659395;;;13.6
Valle d'Aosta;2016;;;;;;;;;;;139281;11.84424875419803;;;;;2421.4;7.79210116427364;314.0;5.749392985908253;97.9;4.583946549536464;12.1
Valle d'Aosta;2017;;;;;;;;;;;145751;11.889654965252667;;;;;2465.6;7.810190464565851;283.0;5.645446897643238;99.1;4.596129441335942;11.2
Valle d'Aosta;2018;;;;;;;;;;;144688;11.88233497898026;;;;;2489.0;7.819636302367592;255.0;5.541263545158426;101.7;4.622027303054514;9.9
Valle d'Aosta;2019;;;;;;;;;;;144725;11.882590668947206;;;;;2495.8;7.822364598073754;314.0;5.749392985908253;103.2;4.636668853047462;11.8
Valle d'Aosta;2020;;;;;;;;;;;80685;11.298307963375454;;;;;2371.9;7.771446600712901;296.0;5.69035945432406;99.8;4.603168183317418;10.2
Valle d'Aosta;2021;;;;;;;;;;;117578;11.674857222116053;;;;;2462.4;7.808891763084615;314.0;5.749392985908253;105.3;4.6568134191399295;11.2
Valle d'Aosta;2022;;;;;;;;;;;139873;11.848490147031216;;;;;2632.3;7.875613267712699;331.0;5.802118375377063;133.1;4.891100725401066;11.3
Valle d'Aosta;2023;;;;;;;;;;;145644;11.888920566894361;;;;;2813.2;7.942077904433863;337.0;5.820082930352362;141.7;4.953712146696635;10.3
Valle d'Aosta;2024;;;;;;;;;;;153629;11.942295883958172;;;;;;;341.0;5.831882477283517;131.4;4.8782461060505105;9.8
Veneto;2011;ITD3;4879606.0;15.400575036864948;18406.8553;265.0972108201448;5.580096592002908;165858.9;12.018892705883841;33990.22380085605;10.433828226983168;5009877;15.426921921861465;22327070.0;16.921310401593107;1224.0130700147738;7.109890141131906;89775.6;11.405068502447055;337.0;5.820082930352362;;;12.5
Veneto;2012;ITD3;4887328.0;15.402156290840654;18406.8553;265.5167284332376;5.581677845978615;160434.5;11.985641038568394;32826.628374441;10.398995305692013;4931861;15.411226959576434;20535062.0;16.83764432460369;1231.28802633654;7.115816076343633;86173.0;11.364112182528565;332.0;5.805134968916488;;;12.2
Veneto;2013;ITD3;4901415.0;15.405034496903436;18406.8553;266.2820411262754;5.584556052041397;158966.4;11.976448138116275;32432.75666312687;10.386924199177113;4869024;15.398404064296251;19573155.0;16.789669542525495;1269.8541309096584;7.146657315304553;86996.5;11.37362316694242;334.0;5.811140992976701;;;12.5
Veneto;2014;ITD3;4905712.0;15.405910798449236;18406.8553;266.51548675997907;5.585432353587197;159613.0;11.980507414314763;32536.15377339721;10.3901071738298;4949901;15.414878134344871;19135503.0;16.76705596340525;1319.4596433117108;7.184977570641785;88018.9;11.385306843127255;333.0;5.808142489980444;;;12.7
Veneto;2015;ITD3;4902694.0;15.405295407916821;18406.8553;266.3515261077757;5.584816963054781;161434.9;11.991857244404594;32927.79439222599;10.402072394452048;5347276;15.492097830328287;19920976.0;16.807283804904397;1299.1149734109194;7.169438521923193;89655.9;11.403734288356922;323.0;5.777652323222656;;;12.3
Veneto;2016;ITD3;4890648.0;15.402835368009097;18406.8553;265.6970960161783;5.582356923147057;164149.1;12.008530440124577;33563.875380113226;10.421205630079754;5459946;15.512949457562291;19894331.0;16.80594537473845;1273.5886277170298;7.14959388580797;91932.6;11.428810978846636;327.0;5.7899601708972535;97.7;4.581901559048737;11.9
Veneto;2017;ITD3;4883373.0;15.401346727593145;18406.8552;265.30186427500115;5.580868288163864;167558.0;12.029084838966819;34311.939718714915;10.44324866933795;5663201;15.549499838020713;20170311.0;16.819722328750544;1259.1485217696288;7.138190995132438;94427.1;11.45558338720627;299.0;5.700443573390687;99.4;4.599152113662528;10.5
Veneto;2018;ITD3;4880936.0;15.400847562716121;18344.7925;266.0665690276955;5.583746536974628;168991.9;12.037606063762496;34622.84692935945;10.45226905901065;5893246;15.589317507391334;20369963.0;16.829571971804675;1249.6009187691986;7.13057951433579;96596.6;11.478298822893821;308.0;5.730099782973574;102.0;4.624972813284271;10.4
Veneto;2019;ITD3;4884590.0;15.401595909537486;18345.3695;266.2573790078199;5.584463431222954;170186.0;12.044647235568974;34841.40941204891;10.458561883995761;6019832;15.610569909918853;20668712.0;16.844131617186207;1246.343861160187;7.1279696333127935;96671.6;11.479074946475091;320.0;5.768320995793772;103.5;4.639571612705423;10.8
Veneto;2020;ITD3;4879133.0;15.400478098110797;18345.3694;265.9599211995153;5.583345625247232;153519.2;11.941580919620584;31464.442555675363;10.35661337947406;4227632;15.257152583395145;15999721.0;16.588081842552022;1243.2063413872802;7.125449080458868;93517.6;11.445904932856855;326.0;5.786897381366708;100.2;4.607168188650764;10.7
Veneto;2021;ITD3;4869830.0;15.398569586851952;18355.2293;265.3102241550314;5.580899798490195;167907.0;12.031165533679593;34479.02698862178;10.448106504791914;5181202;15.460547633649126;19417685.0;16.781694806718644;1222.9189849250242;7.108995890586248;98342.4;11.496210545793206;336.0;5.817111159963204;107.0;4.672828834461906;11.4
Veneto;2022;ITD3;4847745.0;15.39402420633801;18355.2293;264.1070248030081;5.576354417976253;176022.3;12.0783659705394;36310.140075437135;10.499852322165664;5923696;15.59447113637516;20082238.0;16.815346300760513;1224.9532988871224;7.110657998894663;104732.3;11.559162849759696;339.0;5.82600010738045;144.3;4.971894465779825;10.9
Veneto;2023;ITD3;4849553.0;15.394397093717762;18355.2293;264.2055253431239;5.576727305356005;177385.3;12.086079481839121;36577.65983792733;10.507192946085633;6118782;15.626873615073636;20312317.0;16.82673800878288;1234.8381657053255;7.1186952005608815;111218.1;11.619248417337229;364.0;5.8971538676367405;146.4;4.986342601527212;10.8
Veneto;2024;ITD3;4852216.0;15.394946065779843;18355.2293;264.3506066143233;5.577276277418086;;;;;6075021;15.619696003975035;20186829.0;16.82054092000465;1242.2613814184997;7.12468869237928;;;331.0;5.802118375377063;137.7;4.925077405734609;9.8