Region,Year,territory_code,population,area_km2,density,log_density,gdp,gdp_per_capita,log_gdp,log_gdp_per_capita,tourism_arrivals,tourism_nightspent,log_tourism_nightspent,Observation_Average_Monthly_Exp,Observation_CPI_housing,Observation_Disp_Income,Observation_Income_Percentage,HPI_average
Abruzzo,2011,ITF1,1329220.0,10831.4964,122.71803921755446,4.809889359798623,34778.9,26164.893697055417,10.456766160036064,10.172173856006363,957033,3346473.0,15.023417513359403,286.0,,20779.2,13.6,887.5524399306416
Abruzzo,2012,ITF1,1331624.0,10831.4964,122.93998454359456,4.811696305755694,34165.9,25657.317681267385,10.438983349616342,10.15258409962957,929495,3197758.0,14.97796049721756,274.0,,20004.9,12.2,890.8336547702056
Abruzzo,2013,ITF1,1332583.0,10831.4964,123.02852263330854,4.812416219817491,33349.6,25026.28354106273,10.414801057268845,10.127681893220274,887904,2987950.0,14.910098091493763,259.0,,20121.2,12.0,882.4199755098266
Abruzzo,2014,ITF1,1329918.0,10831.4964,122.78248091371752,4.810414341966552,32913.6,24748.59352230739,10.40164122519821,10.11652393900058,919549,2947385.0,14.896428894517165,240.0,,19973.4,10.9,869.6605293440737
Abruzzo,2015,ITF1,1325836.0,10831.4964,122.40561701151468,4.807340259642234,33008.8,24896.593545506385,10.404529471566049,10.122486267692736,1005595,3093723.0,14.944885777988327,222.0,,20247.5,10.2,844.5468929804373
Abruzzo,2016,ITF1,1319294.0,10831.4964,121.8016376758432,4.802393800799881,33192.3,25159.13814509882,10.410073200294343,10.132976455263384,1054634,3245466.0,14.992769503357032,264.0,99.2,20311.9,12.0,820.3754315304948
Abruzzo,2017,ITF1,1313930.0,10831.4964,121.30641524286524,4.7983197019617805,33325.6,25363.2994147329,10.414081149385956,10.141058503193095,1123044,3601086.0,15.096746024600764,246.0,101.0,20611.8,10.8,794.77416570771
Abruzzo,2018,ITF1,1306059.0,10831.4964,120.57973817911254,4.792311261713012,33208.1,25426.186718976707,10.410549101050911,10.143534895106823,1196641,3555228.0,15.083929754184012,240.0,104.0,20846.2,10.3,787.2065592635213
Abruzzo,2019,ITF1,1300645.0,10831.4964,120.07989957878766,4.788157351038945,33412.1,25688.869753084047,10.416673388807988,10.153813093537964,1217085,3606096.0,15.098136304687204,264.0,105.4,20868.8,11.0,776.6451149425288
Abruzzo,2020,ITF1,1293941.0,10831.4964,119.46096386091214,4.782989655754049,30550.3,23610.272802237505,10.327129784518792,10.069437184533664,604332,2054383.0,14.535486117521422,284.0,102.0,20343.4,11.2,758.3663793103449
Abruzzo,2021,ITF1,1281012.0,10831.7158,118.2649197646046,4.772927190783968,33100.8,25839.57058950268,10.407312730257374,10.159662339705156,891648,2835886.0,14.857864968365003,261.0,109.9,21525.7,12.0,748.6738505747127
Abruzzo,2022,ITF1,1275950.0,10831.7158,117.7975884485448,4.768967799433618,34957.6,27397.311806888985,10.461891177527376,10.218200178325509,1130109,3453385.0,15.054865467405545,273.0,155.3,22880.9,11.3,748.5402298850574
Abruzzo,2023,ITF1,1272627.0,10831.7158,117.49080418081132,4.766360068230593,35692.1,28046.00248148122,10.482684654764409,10.241601386765565,1208561,3623081.0,15.102835326789869,283.0,159.2,24394.5,11.1,753.721264367816
Abruzzo,2024,ITF1,1269571.0,10831.7158,117.20866974740972,4.763955848360983,,,,,1222376,3704928.0,15.125174383325117,249.0,146.7,,9.0,762.0112715599721
Basilicata,2011,ITF5,580790.0,10073.1105,57.65746340219339,4.0545196989115455,11293.6,19445.23838220355,9.33199147256999,9.87535750582062,464869,1699541.0,14.345868772569885,224.0,,7505.9,10.8,712.6140873015872
Basilicata,2012,ITF5,579360.0,10073.1105,57.51550129426258,4.052054499197369,10972.6,18939.1742612538,9.303156535214184,9.84898776817899,448453,1586060.0,14.276763511482793,235.0,,7313.3,11.0,701.1631944444445
Basilicata,2013,ITF5,577550.0,10073.1105,57.33581498981868,4.048925471914727,11167.9,19336.680806856548,9.320798870807335,9.869759131054783,425993,1505987.0,14.224959055166604,209.0,,7258.6,10.5,695.0595238095239
Basilicata,2014,ITF5,575814.0,10073.1105,57.16347497627471,4.045915145060449,11009.5,19119.88940873268,9.30651381542484,9.858484402526566,439047,1513785.0,14.230123694969429,237.0,,7319.2,12.1,725.6179273228997
Basilicata,2015,ITF5,573236.0,10073.1105,56.90754608519384,4.041427952465443,11997.1,20928.727435122702,9.392420232897376,9.948878012594108,451507,1521335.0,14.23509879682563,242.0,,7552.7,12.2,727.3138401732463
Basilicata,2016,ITF5,569887.0,10073.1105,56.57507678487196,4.03556854874134,12391.1,21743.082400546074,9.424733751957586,9.987050935378422,417797,1452154.0,14.18855852934891,250.0,100.6,7507.7,11.8,725.2132936507937
Basilicata,2017,ITF5,566405.0,10073.1105,56.2294040157705,4.0294398232042,12410.8,21911.52973578976,9.42632234026275,9.994768249220726,454802,1658621.0,14.321497092199683,233.0,102.3,7552.7,11.1,725.5853174603175
Basilicata,2018,ITF5,562968.0,10073.1105,55.8881985857298,4.02335324133847,12712.9,22581.9229512157,9.450372504955212,10.024904995778916,487877,1637111.0,14.308443661018442,243.0,104.0,7719.5,11.4,724.5925390119601
Basilicata,2019,ITF5,558587.0,10073.1105,55.45327830961449,4.015540833953425,12504.0,22385.053715893853,9.433803872101311,10.016148770310062,484325,1640736.0,14.310655479616342,259.0,104.9,7811.5,11.8,724.4940476190476
Basilicata,2020,ITF5,553254.0,10073.1105,54.92384899381378,4.00594766208958,11304.4,20432.56804288808,9.33294730944248,9.924885379515077,231559,922993.0,13.7353769294909,240.0,100.2,7835.5,11.8,685.2224598835558
Basilicata,2021,ITF5,545130.0,10073.1768,54.116989190540174,3.991148169651224,12450.9,22840.239942765947,9.429548188436746,10.036279169089807,333834,1263765.0,14.04960591868258,252.0,109.1,8125.6,11.3,660.6958250497019
Basilicata,2022,ITF5,541168.0,10073.1768,53.7236673935873,3.983853638006655,12583.4,23252.29873163232,9.440133764008271,10.054159276305905,444459,1568518.0,14.265641782479442,268.0,145.3,8534.1,11.1,663.1410791205151
Basilicata,2023,ITF5,537577.0,10073.1768,53.36717608292153,3.977195876877786,12651.7,23534.675032599986,9.445546872478271,10.066230145904774,475623,1647590.0,14.314824172091315,273.0,137.7,9019.5,10.8,664.4731610337972
Basilicata,2024,ITF5,533233.0,10073.1768,52.935931790654166,3.969082348184184,,,,,488620,1684347.0,14.336888509564703,246.0,133.3,,9.2,674.3861829025846
Calabria,2011,ITF6,1972049.0,15221.6147,129.5558348353148,4.864111945247567,37064.8,18795.07050788292,10.520423011150186,9.841349907408263,1136190,3479590.0,15.062425028717842,226.0,,24722.2,11.3,669.9429898648649
Calabria,2012,ITF6,1968536.0,15221.6148,129.3250437529138,4.862328954207046,35562.3,18065.35415151158,10.479041366951291,9.801751247680285,1128053,3400617.0,15.03946744371083,213.0,,23889.3,10.6,666.0135698835215
Calabria,2013,ITF6,1962430.0,15221.6148,128.92390365836877,4.8592223361845095,34382.0,17520.115367172333,10.44528845060144,9.771104949352967,1071049,3238679.0,14.990676088580342,196.0,,23722.2,9.4,658.768971332209
Calabria,2014,ITF6,1958226.0,15221.6148,128.64771745504953,4.857077796285472,34017.0,17371.335075726704,10.434615678639949,9.762576717290516,1103900,3258024.0,14.9966314345995,207.0,,23613.3,10.6,684.7500362050655
Calabria,2015,ITF6,1951733.0,15221.6148,128.22115298831503,4.853756530784436,34633.1,17744.793985652752,10.45256515114916,9.783847455300764,1198647,3475860.0,15.061352488376796,228.0,,23893.7,12.0,682.1105072463768
Calabria,2016,ITF6,1943085.0,15221.6148,127.65301352915591,4.849315751157803,34368.2,17687.44033328444,10.444886997218456,9.780610080996691,1226263,3485056.0,15.06399467091423,242.0,98.1,24124.6,11.9,674.9063371807965
Calabria,2017,ITF6,1935097.0,15221.6148,127.12823346442848,4.845196289360324,34517.7,17837.710461025985,10.449227514935902,9.789070060511618,1331211,3792625.0,15.14856894945072,213.0,100.2,24789.6,11.0,672.4517145109903
Calabria,2018,ITF6,1924257.0,15221.6149,126.41608742841076,4.83957874757306,34143.4,17743.679768346952,10.438324581313529,9.783784662106902,1415817,4020981.0,15.207036460675509,222.0,102.1,25169.3,10.4,664.8452139585278
Calabria,2019,ITF6,1912021.0,15221.6149,125.61223053934968,4.833199626198925,34070.3,17818.998849908032,10.43618131601689,9.788020518184398,1443898,4104264.0,15.2275369912492,234.0,103.0,25443.5,10.7,662.050983436853
Calabria,2020,ITF6,1894110.0,15221.6149,124.43554855667776,4.823787899585349,31143.4,16442.234083553754,10.346357623756653,9.707608552537735,650637,2126968.0,14.570208049405355,251.0,99.8,25113.3,11.2,646.3397224378882
Calabria,2021,ITF6,1860601.0,15219.2985,122.25274377790802,4.806090572094186,33616.7,18067.656633528622,10.422778246285397,9.801878692472188,971312,2900725.0,14.88047126371191,255.0,107.3,25983.4,10.4,646.7937631027254
Calabria,2022,ITF6,1855454.0,15219.2985,121.9145547345694,4.803320428330773,34862.8,18789.3636813416,10.459175637133573,9.841046227083773,1297673,3758833.0,15.139619094850188,256.0,144.8,27518.2,11.5,648.4738219895288
Calabria,2023,ITF6,1846610.0,15219.2985,121.3334504215158,4.798542543980658,35269.2,19099.43084896107,10.470765340806706,9.857413815107025,1406587,4028905.0,15.20900518484362,228.0,147.4,29179.2,10.3,649.2774869109948
Calabria,2024,ITF6,1838568.0,15219.2985,120.80504236118372,4.794178026030094,,,,,1408087,4059624.0,15.216600916451828,221.0,137.4,,9.4,639.5609907057917
Campania,2011,ITF3,5822827.0,13670.598,425.9379874969625,6.054293766417182,114190.1,19610.766385468774,11.645619882428736,9.883833999786694,3797236,15468971.0,16.554346704499867,298.0,,72886.0,14.6,1196.9139579349903
Campania,2012,ITF3,5827593.0,13670.598,426.2866189174753,6.055111934391531,111334.2,19104.662937168054,11.620291767691567,9.857687717075173,3610689,14426844.0,16.4846011958106,292.0,,69627.5,13.8,1170.8778184307298
Campania,2013,ITF3,5820430.0,13670.598,425.762647691052,6.05388202595077,108119.3,18575.82687189778,11.590990526081598,9.829616383905964,3496990,13732067.0,16.435244312662295,279.0,,69181.4,13.8,1116.7097976008165
Campania,2014,ITF3,5812768.0,13670.598,425.2021747695309,6.052564761152575,108137.6,18603.460520013872,11.591159769236786,9.831102891859349,3598157,13615316.0,16.426705893515845,282.0,,70161.8,14.4,1103.641693393855
Campania,2015,ITF3,5804370.0,13670.598,424.5878636764829,6.051118965903714,110075.3,18964.211447581736,11.60891995603473,9.850308873906156,3894704,14594612.0,16.496162977470252,276.0,,71521.4,13.6,1071.788386032572
Campania,2016,ITF3,5790783.0,13670.598,423.593978844232,6.048775399377484,110406.9,19065.97087129668,11.611927910872089,9.855660395269744,4479296,15771173.0,16.573694337910513,280.0,98.7,72222.3,13.9,1053.032355575459
Campania,2017,ITF3,5776654.0,13670.598,422.5604468802316,6.046332506102767,111570.7,19314.07004816283,11.62241374965556,9.86858912732793,4704783,16540350.0,16.62131340815818,278.0,100.2,72620.6,13.7,1051.6199478921783
Campania,2018,ITF3,5762889.0,13670.598,421.5535414032364,6.04394679524251,111959.0,19427.58224217055,11.625888011828158,9.874449100360788,5057459,17227171.0,16.66199840465776,277.0,103.1,73943.2,13.4,1051.226893597836
Campania,2019,ITF3,5740291.0,13670.598,419.90050471822815,6.040017789685682,112784.7,19647.906351786,11.633235970548515,9.885726064637971,5262173,18030427.0,16.70757127765004,290.0,104.3,74889.4,13.6,1049.995491433724
Campania,2020,ITF3,5712143.0,13670.598,417.8414872560805,6.035102143513056,102472.9,17939.484358147198,11.537353652359435,9.794759392621517,2960220,11361135.0,16.245708878238243,264.0,101.5,73375.0,11.7,1021.1953336339044
Campania,2021,ITF3,5624260.0,13675.6929,411.2596006012975,6.01922464673426,110887.1,19715.85595260532,11.616267845562726,9.88917846168199,3974656,14906040.0,16.517277057903335,292.0,109.2,77321.2,13.1,1014.9120829576196
Campania,2022,ITF3,5624420.0,13675.6929,411.2713001913051,6.019253094516579,117968.0,20974.251567272717,11.678168680229431,9.951050848566377,4915869,17754294.0,16.692137960121823,297.0,146.3,82855.2,13.4,1007.1585753176043
Campania,2023,ITF3,5609536.0,13675.6929,410.1829458308471,6.016603269520098,119365.4,21279.014877522848,11.689944655701094,9.96547664903452,5263307,18507040.0,16.733661758201904,294.0,147.1,86967.5,12.2,1013.1272686025408
Campania,2024,ITF3,5593906.0,13675.6929,409.04004213197857,6.013813053773838,,,,,5211059,18530994.0,16.73495523956432,286.0,137.8,,11.3,1025.8662894501144
Emilia-Romagna,2011,ITD5,4371595.0,22452.2072,194.70669235584108,5.271494284441979,161403.5,36920.96362997944,11.99166271983689,10.51653478876316,4688334,18125309.0,16.712819806835554,383.0,,90915.0,13.1,1584.389864942929
Emilia-Romagna,2012,ITD5,4391314.0,22452.2072,195.58495790115455,5.275994852297744,156567.7,35653.952324976075,11.961243783282615,10.48161528435312,4752799,17916070.0,16.70120863342382,377.0,,88473.8,13.5,1582.8465730990692
Emilia-Romagna,2013,ITD5,4415458.0,22452.2072,196.6603087468389,5.281477919303177,155426.3,35200.49335765395,11.95392694326534,10.46881537733041,4627401,17214761.0,16.66127777141703,385.0,,89543.9,14.0,1541.4686604614417
Emilia-Romagna,2014,ITD5,4432241.0,22452.2071,197.4078085178539,5.285271683045065,156945.1,35409.87504966449,11.96365134164894,10.47474601642603,4728142,16406822.0,16.613207781910315,369.0,,90467.6,13.0,1433.205912936799
Emilia-Romagna,2015,ITD5,4434377.0,22452.2071,197.5029439310668,5.285753490210168,157614.0,35543.662615966125,11.967904284947856,10.47851715255984,5085049,17468519.0,16.67591090461862,365.0,,91324.6,12.8,1382.0320144801435
Emilia-Romagna,2016,ITD5,4435480.0,22452.2068,197.55207314409736,5.286002211077696,160432.5,36170.26793041565,11.98562857234407,10.495992732450244,5294001,17927383.0,16.70183987843114,357.0,98.2,92745.7,12.3,1359.277537279523
Emilia-Romagna,2017,ITD5,4439768.0,22452.2069,197.74305571716425,5.286968489556648,164087.2,36958.50774184597,12.00815327281716,10.517551149990476,5532418,18884332.0,16.75384314151474,336.0,100.1,95794.7,11.5,1347.8087385527551
Emilia-Romagna,2018,ITD5,4445920.0,22452.207,198.01705908020537,5.288353183953971,166255.0,37394.959873322056,12.021278033253822,10.52929121157591,5713397,18980705.0,16.75893349481871,347.0,102.7,97052.3,11.7,1345.5136531239082
Emilia-Romagna,2019,ITD5,4459453.0,22444.542,198.6876363973032,5.291733925162403,166083.7,37243.06546116755,12.02024715713154,10.52522104436108,5812533,19219123.0,16.77141633091281,346.0,103.7,97346.1,12.0,1340.207848328978
Emilia-Romagna,2020,ITD5,4464119.0,22444.542,198.8955265828102,5.292779694821737,152164.3,34086.07611042627,11.932716137106524,10.436644254676729,3825884,13881320.0,16.446054609385687,339.0,100.3,94661.6,10.6,1335.424190535492
Emilia-Romagna,2021,ITD5,4438937.0,22501.8136,197.27018803497683,5.284574301941195,167555.7,37746.807400059966,12.029071112282413,10.5386561789169,4754097,16787982.0,16.63617383124062,341.0,107.4,98271.0,10.8,1326.3883656318703
Emilia-Romagna,2022,ITD5,4425366.0,22501.8136,196.66708109252136,5.281512355479544,173785.7,39270.35639538063,12.065578209947356,10.578225223043496,5620684,18926494.0,16.756073297368765,345.0,146.4,104781.8,10.4,1332.055790986938
Emilia-Romagna,2023,ITD5,4437578.0,22501.8136,197.20979290309293,5.284268100687523,173877.4,39182.95069968348,12.066105732149891,10.575997000038052,5780043,18862149.0,16.752667773535205,385.0,150.6,109982.3,10.9,1340.702065351418
Emilia-Romagna,2024,ITD5,4451938.0,22501.8136,197.84796368591373,5.287498875566761,,,,,5810066,19019173.0,16.76095813358942,360.0,143.2,,10.0,1366.145426393697
Friuli-Venezia Giulia,2011,ITD4,1225361.0,7862.1541,155.855632491355,5.048930146024556,39378.5,32136.24393138022,10.58097526106644,10.37773976660591,1052218,4480578.0,15.315262613926222,322.0,,23576.0,12.4,979.944316965878
Friuli-Venezia Giulia,2012,ITD4,1223642.0,7862.154,155.63699210165558,5.047526321931502,37523.8,30665.66855338408,10.532730677309454,10.33089901966114,1049381,4326588.0,15.280289798588637,325.0,,22507.7,12.3,979.1539050535988
Friuli-Venezia Giulia,2013,ITD4,1224987.0,7862.1541,155.8080628310249,5.048624883259508,37555.4,30657.79473578087,10.533572455108525,10.330642223413042,1015934,3710308.0,15.126625450005667,319.0,,22707.4,12.5,970.8879573170732
Friuli-Venezia Giulia,2014,ITD4,1224984.0,7862.1541,155.8076812562094,5.0486224342509285,37428.6,30554.35826100586,10.530190397046407,10.327262614359508,1033232,3599306.0,15.096251607064536,321.0,,22690.7,12.5,1010.5396603210154
Friuli-Venezia Giulia,2015,ITD4,1221664.0,7862.1541,155.3854051270758,5.045908515421781,38206.4,31274.065536841557,10.550758319828546,10.350544455970793,1108881,3669067.0,15.115447964277257,309.0,,23103.8,11.7,990.043352601156
Friuli-Venezia Giulia,2016,ITD4,1216208.0,7862.1544,154.69144182668302,5.041432434954266,38053.1,31288.315814400168,10.54673783171889,10.35100001017117,1164773,3803486.0,15.15142857259242,309.0,97.6,23452.6,11.5,979.5050578034684
Friuli-Venezia Giulia,2017,ITD4,1212809.0,7862.1544,154.2591175772381,5.038633770129309,38682.8,31895.211859410672,10.563150335778722,10.37021117905596,1212053,3925873.0,15.183099304849064,290.0,99.9,23807.1,10.6,968.3851156069366
Friuli-Venezia Giulia,2018,ITD4,1211155.0,7924.2172,152.84222648515996,5.029406189897092,39197.5,32363.735442614696,10.576368248234605,10.384793798460215,1287362,4042453.0,15.212362243897042,290.0,103.3,24185.0,10.2,968.0361534600664
Friuli-Venezia Giulia,2019,ITD4,1210414.0,7932.4822,152.58956395767265,5.027751728292069,39629.5,32740.45078791224,10.587329069400372,10.396366619550932,1318763,4151491.0,15.238978104790748,311.0,104.8,24364.7,11.2,962.9004329004332
Friuli-Venezia Giulia,2020,ITD4,1206216.0,7932.4822,152.06034751644322,5.024277465187941,36404.7,30180.912871326527,10.50245316616857,10.314964979423255,838192,2937670.0,14.893127308100436,301.0,101.0,23577.0,11.0,957.2907647907648
Friuli-Venezia Giulia,2021,ITD4,1201510.0,7933.2959,151.45155495838748,5.020265804560768,39768.6,33098.85061297867,10.590832935168237,10.407253836078814,1087736,3775941.0,15.144160181125455,309.0,109.1,24819.0,11.0,962.4603746397696
Friuli-Venezia Giulia,2022,ITD4,1194647.0,7933.2959,150.58646684286666,5.014537449726847,40441.2,33852.00816642908,10.60760434628466,10.42975360202916,1275118,4122286.0,15.231918421819872,331.0,146.2,26034.6,11.5,977.3916187417216
Friuli-Venezia Giulia,2023,ITD4,1194248.0,7933.2959,150.53617248790633,5.014203404066648,40228.8,33685.465665422926,10.60233843601275,10.424821737417448,1311833,4053252.0,15.215030079843393,316.0,147.9,26861.3,10.1,980.3267254038178
Friuli-Venezia Giulia,2024,ITD4,1194616.0,7933.2959,150.58255926140356,5.014511500302274,,,,,1312674,4099295.0,15.226325565669718,287.0,140.1,,8.8,907.6270781105688
Lazio,2011,ITE4,5563046.0,17231.8324,322.8354286918436,5.777142684685013,214601.4,38576.24042655768,12.2765376329226,10.560391832943983,5544540,19803029.0,16.801345463762527,346.0,,105757.5,13.0,1707.8864826394183
Lazio,2012,ITE4,5605706.0,17231.8324,325.3110795111958,5.784781892263565,205355.0,36633.2090908799,12.23249546776128,10.50871046020411,5367501,18794279.0,16.74906307297831,333.0,,101058.4,12.6,1700.3385577467238
Lazio,2013,ITE4,5678764.0,17231.8324,329.55079112770386,5.7977304881261125,200781.4,35356.53180868231,12.209972033027263,10.473238429607548,5122623,17849715.0,16.697498099675904,354.0,,101299.0,13.8,1658.2554168040715
Lazio,2014,ITE4,5723955.0,17231.8324,332.1733212771963,5.805656884734479,199392.9,34834.812642657045,12.203032529055475,10.458372529027397,5194154,17751507.0,16.691980971690228,334.0,,102880.4,13.3,1562.9886129455856
Lazio,2015,ITE4,5744899.0,17231.8324,333.388746283303,5.80930921534779,198911.9,34624.08999705652,12.200617292112206,10.452304961470812,5670523,19267053.0,16.773907096676574,326.0,,104459.5,13.5,1506.426238738739
Lazio,2016,ITE4,5761508.0,17231.7228,334.3547285939396,5.812202491046728,204716.7,35531.791329631065,12.229382351125787,10.478183105127528,6009480,19969432.0,16.809713262323502,336.0,97.8,105404.8,13.5,1466.7453157529494
Lazio,2017,ITE4,5774092.0,17231.7228,335.0850096079772,5.81438425965725,206412.1,35747.97561244261,12.23762993490223,10.484248920293448,6345132,20659875.0,16.843703971298645,308.0,98.9,106963.3,11.7,1430.5077841003315
Lazio,2018,ITE4,5774606.0,17231.7228,335.1148383143675,5.81447327402066,206865.6,35823.32716725609,12.23982458601466,10.486354557042466,6748834,21481275.0,16.88269218338525,316.0,101.3,109180.2,11.7,1405.6874641067016
Lazio,2019,ITE4,5773076.0,17231.7227,335.0260505294692,5.814208291576233,208455.9,36108.28958427016,12.247482787058065,10.494277746333546,6876471,21721565.0,16.893816103841285,316.0,102.8,110016.8,11.7,1381.7430875653658
Lazio,2020,ITE4,5755700.0,17231.7227,334.01767775661807,5.811193918991118,190931.9,33172.66362041107,12.159672098949043,10.409481430809643,3518882,12673097.0,16.354991958102612,278.0,98.7,107028.6,10.0,1363.3983068846137
Lazio,2021,ITE4,5730399.0,17239.3387,332.4024836289109,5.806346534761174,202107.1,35269.28927636627,12.216553033897837,10.470767872087634,4745296,16446394.0,16.615616801419247,311.0,105.1,112631.1,11.4,1332.58726899384
Lazio,2022,ITE4,5714882.0,17239.3387,331.5023910980994,5.803635022565513,213681.9,37390.43080854513,12.272243739545134,10.529170089930592,6237446,20745927.0,16.847860496217116,322.0,136.7,119294.6,11.6,1323.8980522310503
Lazio,2023,ITE4,5720536.0,17239.3387,331.8303619152166,5.804623880246225,215144.6,37609.16809194104,12.279065639183464,10.535003131888212,6626427,21383594.0,16.87813455046278,322.0,139.9,125633.4,11.1,1315.6671779141109
Lazio,2024,ITE4,5714745.0,17239.3387,331.49444415753607,5.803611049779698,,,,,6572487,21234218.0,16.871124495056595,324.0,132.2,,10.7,1303.6074264448498
Liguria,2011,ITC3,1592593.0,5416.1343,294.04606898318605,5.683736452284675,53369.3,33510.94724138559,10.884990953259214,10.41962744775606,1533641,5317910.0,15.486590926986386,339.0,,30238.5,13.7,2372.059190009734
Liguria,2012,ITC3,1590096.0,5416.1343,293.58503905636167,5.682167338549513,51425.1,32340.8775319226,10.847881659098752,10.38408726733076,1496941,5011428.0,15.427231462387851,341.0,,29273.8,13.8,2346.654170832568
Liguria,2013,ITC3,1587322.0,5416.1343,293.0728656414595,5.680421266295391,49761.1,31349.08985070452,10.814988833278049,10.35294051376418,1464373,4828582.0,15.39006340074465,350.0,,29090.9,14.2,2279.8800121506683
Liguria,2014,ITC3,1580322.0,5416.1343,291.7804309246911,5.6760015705248685,50059.0,31676.45581090436,10.820957588757476,10.36332896501413,1518816,4949526.0,15.414802372384068,358.0,,29217.1,15.2,2234.3618038086324
Liguria,2015,ITC3,1569427.0,5416.1343,289.7688486048066,5.669083531371786,49986.7,31850.28676070948,10.819512249026008,10.368801664435743,1556945,5031343.0,15.431197504450225,340.0,,29188.2,14.2,2226.294843049327
Liguria,2016,ITC3,1557742.0,5416.1343,287.6114057954582,5.661610283598267,50212.4,32234.09268030264,10.824017287129582,10.380779950312837,1578225,4929728.0,15.410794372083028,356.0,98.5,29565.0,14.1,2206.684509079774
Liguria,2017,ITC3,1551379.0,5416.1343,286.43658263791576,5.657517159603654,50872.1,32791.535788482375,10.837069918663191,10.39792570584106,1656452,5057116.0,15.436306918300124,333.0,101.3,30563.6,12.9,2178.8058035714284
Liguria,2018,ITC3,1541541.0,5416.1343,284.62015796026327,5.651155512241879,50496.5,32757.15663741672,10.82965930593092,10.396876740470564,1704086,5138477.0,15.452267290022846,335.0,103.2,30337.2,12.7,2145.3794642857147
Liguria,2019,ITC3,1532980.0,5416.152,283.0385853277382,5.64558323226352,50552.1,32976.35976986001,10.830759766612436,10.40354621312228,1741306,5172696.0,15.458904580585711,333.0,104.5,30534.3,12.8,2124.4991100667903
Liguria,2020,ITC3,1524826.0,5416.152,281.5330884362182,5.640249983962369,44959.6,29485.069116082752,10.713519587730843,10.291639282541835,936807,3238543.0,14.990634095269003,319.0,98.6,29319.2,11.7,2115.4269816115584
Liguria,2021,ITC3,1518495.0,5417.6165,280.2883888145276,5.635819033176198,48537.4,31964.148713034945,10.790089913775116,10.372370200999953,1288421,4073470.0,15.2200057740316,343.0,105.8,30752.4,12.9,2099.632516703786
Liguria,2022,ITC3,1509227.0,5417.6165,278.577673410438,5.629696919622017,50256.8,33299.695804541,10.824901140149024,10.413303540928045,1621137,4781872.0,15.380342659599084,337.0,138.8,33011.3,12.8,2099.4929267486023
Liguria,2023,ITC3,1507636.0,5417.6165,278.284001829956,5.62864218153978,51110.7,33901.22018842745,10.841749147618447,10.431206286479703,1675644,4844884.0,15.39343386081192,375.0,150.8,34813.9,13.0,2098.971078976641
Liguria,2024,ITC3,1509140.0,5417.6165,278.5616146879352,5.629639272556551,,,,,1677295,4816944.0,15.387650260051736,343.0,141.0,,11.0,2122.063164251208
Lombardia,2011,ITC4,9746113.0,23863.0977,408.4177638010509,6.012290581429429,402677.0,41316.676709986845,12.905890030731172,10.629021491876768,12290536,45512293.0,17.633493023254438,391.0,,209280.0,13.5,1354.8364079001565
Lombardia,2012,ITC4,9811011.0,23863.0975,411.1373638732357,6.018927377327289,390277.3,39779.519154549926,12.87461279108788,10.591107464716757,12247807,44268722.0,17.605788935983515,368.0,,202791.3,12.8,1330.2426039626584
Lombardia,2013,ITC4,9877541.0,23863.0976,413.92534890357234,6.025685640908273,382129.3,38686.68325446586,12.853514311992106,10.563250717849424,12042609,43536902.0,17.58911945827639,388.0,,203693.7,13.7,1302.993809483566
Lombardia,2014,ITC4,9929769.0,23863.0975,416.1140019647492,6.030959265902782,384761.1,38748.24278389558,12.86037790118751,10.564840686240892,12219608,43156494.0,17.580343462431863,387.0,,205361.5,13.5,1305.461175242037
Lombardia,2015,ITC4,9954769.0,23863.0976,417.1616429209928,6.0334737795926365,389042.7,39081.03744044688,12.87144438521398,10.573392652386936,12740004,44980280.0,17.621734729464954,383.0,,208520.4,13.2,1303.9301034824089
Lombardia,2016,ITC4,9958447.0,23863.0975,417.3157738638079,6.033843186700528,395615.9,39726.66621612787,12.888199070036258,10.589777934291892,13130126,46166403.0,17.647762883715913,371.0,98.5,211028.1,13.0,1307.953595902122
Lombardia,2017,ITC4,9970419.0,23863.0975,417.8174690020858,6.035044660125075,403930.1,40512.85106473459,12.908997122171654,10.609374513002743,13426025,46606052.0,17.65724096190797,338.0,99.9,217660.4,11.5,1308.3148021510278
Lombardia,2018,ITC4,9986962.0,23863.0975,418.5107151324341,6.036702493263492,410264.4,41080.000104135775,12.924557108884771,10.623276666577445,13607229,46729360.0,17.659883218884126,353.0,102.5,218417.8,11.7,1316.032349235732
Lombardia,2019,ITC4,10010833.0,23863.0974,419.5110480502837,6.039089861794756,410719.4,41027.49491475884,12.92566553525466,10.621997728606638,13802465,46766901.0,17.660686267083403,365.0,103.5,220999.2,12.2,1323.8442478792554
Lombardia,2020,ITC4,10027602.0,23863.0973,420.2137666345601,6.040763549974567,380035.5,37898.94134210752,12.848019948391723,10.542678457754462,8816229,32586972.0,17.299423134560985,352.0,100.5,217077.3,11.2,1323.9932150628626
Lombardia,2021,ITC4,9981554.0,23863.0918,418.2841889750431,6.036161079443182,419993.6,42076.97518843258,12.947994752048212,10.64725596242376,11499634,42203335.0,17.558009804319678,380.0,107.4,228536.1,12.1,1324.550199911151
Lombardia,2022,ITC4,9943004.0,23863.0918,416.66872353900095,6.032291478109655,437951.5,44046.19569699459,12.989863452633893,10.692994264342964,13590141,46834300.0,17.662126398426345,400.0,144.6,243314.2,11.9,1346.2555506216695
Lombardia,2023,ITC4,9976509.0,23863.0918,418.0727746267984,6.035655519348753,441407.3,44244.66514288716,12.997723310955283,10.69749008142526,13784722,45749934.0,17.638700907061814,398.0,151.2,256325.8,11.5,1371.530986228343
Lombardia,2024,ITC4,10012054.0,23863.0919,419.56231162148777,6.039212052710907,,,,,13730107,45304398.0,17.628914671833428,380.0,144.1,,10.4,1403.8569522170403
Marche,2011,ITE3,1549616.0,9401.1839,164.83200589236426,5.104926809130871,43944.2,28358.12227029148,10.69067592625914,10.252668767956571,1539475,5636289.0,15.544736428187836,313.0,,26512.7,11.8,1289.9253232298206
Marche,2012,ITE3,1550010.0,9401.1839,164.873915507599,5.105181033351548,42311.6,27297.630337868788,10.652816559118223,10.214555176594976,1491991,5415679.0,15.504808822984694,308.0,,25803.8,11.6,1270.0045303209004
Marche,2013,ITE3,1551668.0,9401.1839,165.0502762742467,5.106250132179938,41301.6,26617.549630462185,10.628656519118811,10.189326037767174,1472683,4656618.0,15.353799991544069,308.0,,26005.7,11.9,1258.1664332399623
Marche,2014,ITE3,1549478.0,9401.1838,164.81732864322893,5.104837761481702,42002.6,27107.580746548192,10.645486800111389,10.207568700094946,1534604,4727400.0,15.368885926461834,293.0,,26031.3,11.2,1248.7750471113231
Marche,2015,ITE3,1545869.0,9401.1838,164.4334408183786,5.102505873240811,41709.8,26981.458325382035,10.638491392166308,10.202905180390756,1683488,5026689.0,15.430272074836926,295.0,,26269.7,11.4,1195.978705978706
Marche,2016,ITE3,1538442.0,9401.1839,163.64343218517405,5.09768986684011,41939.0,27260.69621084188,10.643971460585572,10.213201244573764,1508069,4530859.0,15.326422104206785,303.0,99.0,26802.8,11.5,1008.734631147541
Marche,2017,ITE3,1532460.0,9401.1839,163.00712934676238,5.093793938173965,42662.6,27839.291074481556,10.66107793719112,10.234203649845456,1587791,4686494.0,15.360195312894732,269.0,101.1,27188.7,10.0,986.6667241986138
Marche,2018,ITE3,1526331.0,9401.1839,162.35519017982406,5.089786467115921,42873.0,28088.926975865656,10.665997536149904,10.243130719862284,1618306,5218756.0,15.46776961728124,277.0,103.9,27683.2,10.0,1012.0901978892912
Marche,2019,ITE3,1520321.0,9401.1839,161.7159089931216,5.085841147600767,43152.3,28383.676868240327,10.672490997524422,10.253569500751956,1662787,5476367.0,15.51595248286718,286.0,105.9,27702.9,10.3,1018.3620576041296
Marche,2020,ITE3,1512672.0,9401.1839,160.9022880618259,5.080797274293909,39248.7,25946.60309703624,10.577673601642934,10.163795978177326,877092,3454220.0,15.055107229927884,291.0,102.4,26814.5,9.7,1011.164601583128
Marche,2021,ITE3,1498236.0,9346.0194,160.30739247128037,5.077093175029283,42528.3,28385.581443777883,10.657925015664164,10.253636599586605,1197191,4249408.0,15.262290237080624,312.0,109.2,28273.9,10.6,1050.299834574028
Marche,2022,ITE3,1487150.0,9346.0194,159.1212190293549,5.06966629558572,44340.0,29815.418753992537,10.699642483170305,10.302780946536306,1546865,5111162.0,15.446937333589323,305.0,145.3,29999.4,10.5,1082.6257902492955
Marche,2023,ITE3,1484298.0,9346.0194,158.81606237624547,5.067746692162896,44406.8,29917.71194194158,10.701147889846723,10.30620595663555,1661157,5345008.0,15.491673599166075,318.0,152.1,31504.6,10.0,1091.5455870108244
Marche,2024,ITE3,1482746.0,9346.0194,158.65000237427284,5.066700532994681,,,,,1695177,5101471.0,15.445039487478772,303.0,145.9,,9.2,1114.275811648703
Molise,2011,ITF2,314816.0,4460.4373,70.57962680026912,4.256741530620069,7191.9,22844.7728196788,8.880710671716637,10.0364776095259,812521,2359436.0,14.673933165389943,228.0,,4587.1,10.8,716.3924206583876
Molise,2012,ITF2,313916.0,4460.4373,70.37785286209494,4.253878623643113,6901.4,21984.862192433644,8.839479568554948,9.998109413341169,820623,2301092.0,14.648894350834471,220.0,,4411.8,10.7,721.698049063824
Molise,2013,ITF2,313408.0,4460.4373,70.26396268365885,4.252259045527047,6427.9,20509.687053297937,8.768403169797999,9.928652592700285,728565,2079671.0,14.547720266089897,245.0,,4349.9,12.5,724.6309963099632
Molise,2014,ITF2,312897.0,4460.4373,70.14939992542884,4.25062725234836,6362.9,20335.44584959268,8.758239527251996,9.92012074333297,737708,2045602.0,14.531202680666889,211.0,,4311.0,11.7,726.1128699013595
Molise,2015,ITF2,311398.0,4460.4373,69.81333422173651,4.245825026218888,6488.2,20835.71506560736,8.7777404214607,9.944423863671144,820340,2194152.0,14.601306197271722,218.0,,4372.1,10.9,718.4576612903226
Molise,2016,ITF2,310026.0,4460.4373,69.50574106265321,4.241409354377155,6555.5,21145.000741873264,8.788059670939457,9.959158784991631,219613,711406.0,13.474998572534584,247.0,,4364.9,12.4,716.4012096774193
Molise,2017,ITF2,308400.0,4460.4373,69.14120281435186,4.236150831136369,6677.4,21651.75097276265,8.806483969207434,9.982841606500395,237925,773990.0,13.55931423259176,215.0,,4388.1,10.4,714.9395161290322
Molise,2018,ITF2,306564.0,4460.4373,68.72958398047653,4.230179732161266,6776.7,22105.335264414607,8.821245536781339,10.003574273049404,251630,780090.0,13.567164576624869,240.0,,4448.0,10.5,712.4506170824083
Molise,2019,ITF2,303790.0,4460.4373,68.10767186437079,4.221089862674747,6857.7,22573.817439678725,8.833127387534113,10.024545993288696,259643,794075.0,13.584933194206643,221.0,,4479.5,10.9,700.8571428571429
Molise,2020,ITF2,300516.0,4460.4373,67.37366311594606,4.21025418659736,6237.0,20754.30259952881,8.738254576526122,9.940508858358095,121311,429786.0,12.971042689370124,231.0,,4444.3,10.3,690.7551020408164
Molise,2021,ITF2,294294.0,4460.563,65.97687332294151,4.189304276422674,6703.0,22776.54318470645,8.810310466357958,10.03348647766833,177785,607559.0,13.317204568822628,249.0,,4641.4,10.9,690.894925981549
Molise,2022,ITF2,292150.0,4460.563,65.49621650899225,4.181992377751355,6924.5,23701.865480061613,8.842821126282772,10.073309036264464,236581,764150.0,13.546519383955982,256.0,,4943.5,11.3,685.0869565217391
Molise,2023,ITF2,290636.0,4460.563,65.15679747152994,4.176796633838622,7006.4,24107.13056882148,8.854579296047135,10.090262949941556,257141,838714.0,13.639625045333483,260.0,156.2,5163.9,10.4,673.8318777292576
Molise,2024,ITF2,289224.0,4460.563,64.84024550264171,4.171926483144109,,,,,261388,860689.0,13.665488510260788,252.0,143.9,,9.5,668.7192834458118
Piemonte,2011,ITC1,4410887.0,25386.697,173.74796729168824,5.157605785335824,139833.2,31701.83230719808,11.848205562704743,10.364129759683829,5245637,18947271.0,16.757170468568106,347.0,,85934.3,12.9,1102.8424732307126
Piemonte,2012,ITC1,4416745.0,25386.697,173.97871806639515,5.15893298177081,132774.0,30061.5045695416,11.79640371372392,10.31100071426802,4733233,16677890.0,16.629594448092266,352.0,,82633.5,13.1,1070.4978377580378
Piemonte,2013,ITC1,4425816.0,25386.697,174.3360311898787,5.160984650553623,132507.3,29939.63147134901,11.7943930172304,10.306938348991686,4637034,16085933.0,16.593455721324958,362.0,,82511.5,13.7,1051.760439751673
Piemonte,2014,ITC1,4420924.0,25386.697,174.14333184029414,5.159878706330413,131140.5,29663.595212222604,11.784024546529574,10.297675822514073,4873380,16861835.0,16.640563342100787,354.0,,83035.9,14.4,1048.6018147019363
Piemonte,2015,ITC1,4403562.0,25386.697,173.4594303465315,5.155943741188491,132573.6,30105.99146781628,11.79489324188923,10.312479483015649,4919308,16932238.0,16.644729936749062,348.0,,83333.6,13.8,1019.1204743908332
Piemonte,2016,ITC1,4384226.0,25386.6972,172.69777023219862,5.151543073848661,134131.6,30594.134517700502,11.806576686550851,10.32856358713896,5049113,17122755.0,16.655918838628367,350.0,98.2,84305.2,13.9,1000.1277735793764
Piemonte,2017,ITC1,4370348.0,25386.6972,172.15110597372234,5.148372614240936,138049.3,31587.713381176967,11.83536614671886,10.360523506914692,5070239,16997123.0,16.648554652404464,310.0,99.5,86429.3,12.3,991.6054669127116
Piemonte,2018,ITC1,4349911.0,25386.6974,171.34607670551114,5.1436853516798,139084.0,31973.987513767523,11.84283334613388,10.372677961012704,5055682,16561560.0,16.622594905383124,317.0,101.7,87409.1,12.3,985.6484437564689
Piemonte,2019,ITC1,4328565.0,25386.6971,170.50524465429572,5.138766056686231,138296.6,31949.757021091285,11.837155933113486,10.371919854803094,5273804,17320008.0,16.66737292299222,347.0,102.8,87812.4,12.6,975.59796022237
Piemonte,2020,ITC1,4311217.0,25386.6971,169.82189463315413,5.134750209222879,124757.0,28937.768616147136,11.734123124263984,10.27290289341694,3037126,10938997.0,16.207844668853788,345.0,99.5,84984.5,12.1,964.5885680686614
Piemonte,2021,ITC1,4274945.0,25386.7279,168.3929105333815,5.126300001951621,135915.4,31793.48506238092,11.819787912335796,10.367016675526909,4067341,14083285.0,16.460499191140794,356.0,105.6,88835.7,12.5,947.9961430168116
Piemonte,2022,ITC1,4256350.0,25386.7279,167.6604411866722,5.12194075064292,140806.1,33081.4195261198,11.855139045631264,10.40672706013108,4873626,15828932.0,16.577349962746084,359.0,138.4,93821.3,12.6,946.6973876122572
Piemonte,2023,ITC1,4251351.0,25386.7279,167.46352727087762,5.120765579918111,141165.1,33204.762439045844,11.857685406351637,10.41044859157626,4818684,15376449.0,16.54834761111862,370.0,151.4,99483.6,12.3,957.8541074366912
Piemonte,2024,ITC1,4251623.0,25386.728,167.47424087105674,5.120829553594429,,,,,4763560,15187864.0,16.536007245856023,372.0,142.4,,11.4,972.8679017362078
Puglia,2011,ITF4,4101558.0,19540.5182,209.90016528834943,5.346632014288637,78759.3,19202.288496225094,11.274151644953282,9.862784743424733,2633665,9328219.0,16.048554664998356,253.0,,53745.3,11.5,985.4984904706806
Puglia,2012,ITF4,4102797.0,19540.5181,209.96357307434957,5.346934054120557,77659.2,18928.355460920928,11.26008530191918,9.848416365676286,2580570,8884657.0,15.9998364144363,244.0,,52517.2,11.4,969.2531205059828
Puglia,2013,ITF4,4090530.0,19540.5182,209.3357994978864,5.343939658771552,74995.1,18333.834490885045,11.2251780570508,9.816503511039338,2537147,8558958.0,15.96248901173639,244.0,,52409.9,11.8,936.423268749882
Puglia,2014,ITF4,4077788.0,19540.5182,208.68371853106743,5.340819797293242,75173.8,18434.9456126704,11.22755804497575,9.822003360442595,2607288,8499794.0,15.955552485872747,257.0,,52812.2,11.6,1018.8722249743972
Puglia,2015,ITF4,4063269.0,19540.5182,207.9406983178164,5.33725293481011,76092.0,18726.79362355778,11.239698413488032,9.837710591438013,2822965,9229763.0,16.03794392900961,260.0,,53960.5,12.4,1010.5290465144952
Puglia,2016,ITF4,4043735.0,19540.5181,206.94103295040065,5.332433887709725,76539.6,18927.9465642531,11.24556353294043,9.848394763108368,3013065,9511083.0,16.067968308163906,258.0,98.9,54457.8,11.6,1007.5695302843015
Puglia,2017,ITF4,4024067.0,19540.5181,205.93450897292223,5.327558200635892,76853.9,19098.5637167572,11.249661495889896,9.857368413131663,3208714,10244421.0,16.14224382268473,243.0,101.7,55325.3,10.4,995.884816986496
Puglia,2018,ITF4,4000966.0,19540.5181,204.7522987632554,5.321800949841121,77371.5,19338.20482353512,11.256373774715009,9.86983794275155,3424226,10404485.0,16.157747521150046,233.0,104.2,56351.8,10.1,990.582298136646
Puglia,2019,ITF4,3975528.0,19540.5181,203.45049090586804,5.315422687351488,77445.5,19480.557048019786,11.257329742155736,9.877172172681911,3457577,10542495.0,16.17092479033193,242.0,104.9,56783.3,10.8,983.5462292002148
Puglia,2020,ITF4,3953305.0,19540.5181,202.31321297463447,5.309817055805725,71840.6,18172.288755863763,11.1822050548343,9.807653116906236,1860188,6674043.0,15.713736381185496,251.0,101.3,56263.8,10.9,974.434340320592
Puglia,2021,ITF4,3933777.0,19542.6469,201.29192427869123,5.304756214000424,78263.9,19895.357566023697,11.26784172840978,9.89824169535716,2625022,8836664.0,15.994419987824138,257.0,109.4,58616.3,11.3,964.0783462637188
Puglia,2022,ITF4,3922941.0,19542.6469,200.73744462936597,5.301997808551547,82594.0,21054.102011730483,11.321692317645532,9.95485069004179,3366723,10765699.0,16.19187561932468,248.0,152.2,61799.1,10.6,976.7994974175786
Puglia,2023,ITF4,3907683.0,19542.6469,199.9566906159472,5.298100796178103,83378.9,21337.17090152912,11.331150558735628,9.968205943505328,3518982,11054928.0,16.21838685936238,270.0,156.8,64348.5,10.4,983.9050982800984
Puglia,2024,ITF4,3890661.0,19542.6469,199.08567247356856,5.293735247022079,,,,,3564211,11201922.0,16.23159592868536,262.0,147.6,,10.0,1000.570316894112
Sardegna,2011,ITG2,1655833.0,24099.7586,68.70745170036682,4.229857660600404,36627.1,22120.0447146542,10.508543682559576,10.004239477092376,863506,2530275.0,14.743838550448933,265.0,,22910.5,11.7,900.7952645579644
Sardegna,2012,ITG2,1655079.0,24099.7586,68.6761650799274,4.229402196961966,36162.2,21849.228949192155,10.495769653363356,9.991920911534596,831189,2476328.0,14.722287375741614,266.0,,22654.4,11.6,905.1194267515924
Sardegna,2013,ITG2,1654583.0,24099.7586,68.65558396091154,4.22910246846781,35059.5,21189.326857582848,10.464801897107131,9.961252883772527,808359,2278275.0,14.638929135632964,265.0,,23163.3,11.8,898.8345531955607
Sardegna,2014,ITG2,1652528.0,24099.7586,68.57031339724705,4.227859691757566,34854.7,21091.74549538646,10.458943270796956,9.956637034172594,888681,2432166.0,14.704292776317768,256.0,,23238.7,12.0,1088.9547940727828
Sardegna,2015,ITG2,1648642.0,24099.7586,68.40906696882847,4.225505373867274,35842.4,21740.559806192006,10.486886829132573,9.986934910398505,942739,2514429.0,14.73755629796564,250.0,,23473.8,12.1,1054.0819609161183
Sardegna,2016,ITG2,1642492.0,24099.7927,68.153781256384,4.221766640922992,34951.5,21279.555699510256,10.46171666519592,9.965502064455205,1024647,2698448.0,14.808187350890371,253.0,98.7,23572.1,11.7,1046.911971830986
Sardegna,2017,ITG2,1636839.0,24099.7927,67.91921492337151,4.218318983093113,35146.6,21472.240092031043,10.467283164253072,9.974516221342231,1107663,2970575.0,14.904266094733902,243.0,103.3,23531.8,11.1,1046.8246667062858
Sardegna,2018,ITG2,1631040.0,24099.7927,67.67859044696263,4.214769888351813,35194.5,21577.950264861684,10.468645099377886,9.979427251208346,1151268,3056116.0,14.93265538666334,250.0,105.4,24264.4,10.8,1050.2601969057664
Sardegna,2019,ITG2,1622257.0,24099.453,67.31509632189577,4.209384525342984,35573.1,21928.15318411325,10.47934501323944,9.995526623735,1172777,3044932.0,14.92898912718548,258.0,105.8,24507.3,11.1,1049.6769662921347
Sardegna,2020,ITG2,1611621.0,24099.453,66.87375850397932,4.202806640617372,32335.6,20064.02249660435,10.383924069453087,9.90668356467426,673192,1981385.0,14.499306653087649,247.0,102.9,24347.4,10.3,1046.0358146067415
Sardegna,2021,ITG2,1590044.0,24108.5367,65.95356739341214,4.188950970094805,35084.2,22064.923989524817,10.465506165659288,10.001744476854062,903204,2469917.0,14.719695104800692,252.0,109.6,25509.7,10.5,1043.8622216619128
Sardegna,2022,ITG2,1587413.0,24108.5367,65.84443592547034,4.187294928422936,37266.9,23476.49918452224,10.525860812196106,10.06375516506275,1183211,3103454.0,14.948026242750808,267.0,153.6,27386.9,12.0,1048.726530022367
Sardegna,2023,ITG2,1578146.0,24108.5367,65.46004926130585,4.181440021613324,37694.8,23885.49601874605,10.53727743288826,10.081026692564516,1225262,3260345.0,14.997343575964338,296.0,158.8,28654.3,12.4,1065.413223140496
Sardegna,2024,ITG2,1570453.0,24108.5367,65.14095067412366,4.176553394063416,,,,,1220466,3164009.0,14.967350452366269,271.0,146.9,,9.8,1088.3633996600415
Sicilia,2011,ITG1,5059482.0,25832.0162,195.86090225508607,5.277404724914766,97567.1,19284.009706922567,11.48829562540959,9.86703151889204,2738490,8442811.0,15.94882586799305,213.0,,64104.2,12.1,909.1841012193712
Sicilia,2012,ITG1,5061946.0,25832.0162,195.95628776355449,5.27789161274298,95159.2,18798.936219390725,11.463306557487902,9.84155556314214,2720414,8228579.0,15.923123896749273,216.0,,62340.4,12.0,904.1548442906576
Sicilia,2013,ITG1,5053540.0,25832.0162,195.63087762386897,5.276229606204695,93262.4,18454.86530234252,11.443172304536867,9.82308331672939,2607435,7735588.0,15.861342057199622,217.0,,61755.1,12.2,884.0013374569503
Sicilia,2014,ITG1,5041754.0,25832.0162,195.1746221032488,5.273894655810033,90995.4,18048.361740775134,11.418564234770772,9.800810197357956,2645299,7780036.0,15.867071523393228,224.0,,61904.1,12.3,928.3166637335448
Sicilia,2015,ITG1,5028266.0,25832.0162,194.65247935234729,5.271215811464926,91736.6,18244.181990372028,11.426676706204296,9.811601513136583,2721973,8079479.0,15.90483794822032,226.0,,62617.7,12.4,904.5287571097836
Sicilia,2016,ITG1,5004400.0,25832.0161,193.72858783562,5.26645814772949,91832.7,18350.391655343297,11.427723722331493,9.817406196870383,2953796,8474351.0,15.95255463012744,256.0,98.7,63492.0,14.0,882.7301520270271
Sicilia,2017,ITG1,4977900.0,25832.0161,192.70272907579985,5.261148737623097,92235.9,18529.078527089736,11.43210470469225,9.827096589337536,3104145,8845434.0,15.995411951641907,235.0,100.5,64611.4,12.8,859.9243294145706
Sicilia,2018,ITG1,4942188.0,25832.0162,191.32025784344316,5.253948766518919,91219.7,18457.351278421625,11.421026161507816,9.823218013386116,3151242,8974306.0,16.009876163443522,236.0,103.1,65554.8,12.4,843.755212677231
Sicilia,2019,ITG1,4908548.0,25832.5454,190.01410523021863,5.24709830745876,91204.6,18580.769710309443,11.42086061338693,9.829882438329433,3321768,9348215.0,16.0506959739485,276.0,105.7,66458.1,13.9,833.3710992590484
Sicilia,2020,ITG1,4875290.0,25832.5454,188.72665951068063,5.240299722261266,83567.8,17141.093145228282,11.333413557412635,9.749233967552632,1794214,5690527.0,15.554313420442847,262.0,102.1,66005.0,12.7,815.1228503532171
Sicilia,2021,ITG1,4833705.0,25835.2801,187.0970618971536,5.231627529774348,90649.5,18753.626876278133,11.414755700447984,9.839142446094227,2437607,7585841.0,15.841794041348788,258.0,109.3,69561.4,11.9,794.4865230288486
Sicilia,2022,ITG1,4833329.0,25835.2801,187.08250815519511,5.231549739626886,97722.3,20218.425023415537,11.48988506172998,9.914349597523683,3267461,9608694.0,16.07817887160716,258.0,153.6,74040.2,11.7,791.4992781386707
Sicilia,2023,ITG1,4814016.0,25835.2801,186.3349644891212,5.227545938415335,99728.9,20716.36238849227,11.510210783554678,9.938679120559936,3388374,9828382.0,16.100784880406714,244.0,159.0,78902.7,10.3,793.3082784184514
Sicilia,2024,ITG1,4797359.0,25835.2801,185.69022597900923,5.224079833580956,,,,,3448842,10169531.0,16.134906650933836,231.0,150.0,,9.3,789.3473266683961
Toscana,2011,ITE1,3726263.0,22986.5793,162.10602505784755,5.088250596822311,120972.0,32464.697204679327,11.70331439284194,10.387908538075724,3517442,13441128.0,16.4138298181089,344.0,,68659.2,12.8,1911.1942080175115
Toscana,2012,ITE1,3733535.0,22986.5793,162.42238356883314,5.090200248087262,118657.6,31781.568942034828,11.683997313752704,10.366641807721534,3449257,12923645.0,16.37456913727319,327.0,,66716.9,12.1,1885.6456777264696
Toscana,2013,ITE1,3743537.0,22986.5793,162.8575070323752,5.0928756284944345,116353.8,31081.24749401435,11.66439082827446,10.34435994183612,3387782,12316183.0,16.326424646636504,362.0,,66711.8,14.0,1830.89876008608
Toscana,2014,ITE1,3744293.0,22986.5794,162.89039507983514,5.093077551806042,117402.2,31354.97141917045,11.673360925553194,10.35312811145288,3469229,12290950.0,16.324373777171594,347.0,,67467.2,13.1,1808.0234987503352
Toscana,2015,ITE1,3739044.0,22986.5794,162.66204444494252,5.09167470148383,117363.3,31388.584889613496,11.67302953103095,10.354199567252849,3746796,12937089.0,16.3756088603693,325.0,,67882.1,11.9,1732.7506182830048
Toscana,2016,ITE1,3726422.0,22986.5794,162.11294143225155,5.088293261657623,118124.5,31699.174167606358,11.679494431982851,10.364045908030958,3900524,13419844.0,16.412245064999112,346.0,98.9,69645.2,12.5,1675.712669683258
Toscana,2017,ITE1,3721391.0,22986.5794,161.89407459206393,5.086942260829536,119862.0,32208.92402867637,11.694096360006789,10.37999883688298,4112830,13894212.0,16.44698290850347,322.0,100.8,70746.2,11.7,1627.3916677099744
Toscana,2018,ITE1,3712048.0,22986.5795,161.487619330227,5.084428479230195,121287.0,32673.877061934545,11.705914916888698,10.394331171013866,4238477,14055088.0,16.45849502342021,316.0,103.6,72342.2,11.2,1588.964225196089
Toscana,2019,ITE1,3701343.0,22987.4371,161.0159055095359,5.081503152089551,124534.8,33645.8415229283,11.73234047390129,10.423644747136892,4315591,14329768.0,16.477849609861714,313.0,104.7,72405.8,11.1,1559.1498838109992
Toscana,2020,ITE1,3692555.0,22987.4371,160.63360973807733,5.07912605569517,108108.7,29277.47860221445,11.590892481424952,10.284573851054937,2473168,9608843.0,16.07819437827693,308.0,101.5,68657.1,10.3,1534.0158546017014
Toscana,2021,ITE1,3692865.0,22989.7753,160.63075657812104,5.079108293625949,118122.5,31986.682426787876,11.679477500550918,10.373074920994483,3291710,11969887.0,16.29790463722226,328.0,108.1,72313.6,11.3,1518.5633817990345
Toscana,2022,ITE1,3663191.0,22989.7753,159.34000886037367,5.071040339558931,125781.6,34336.620722206404,11.742302348639898,10.44396772315048,4094447,13958073.0,16.4515686085212,338.0,146.0,77694.7,11.3,1510.2418730650154
Toscana,2023,ITE1,3661981.0,22989.7753,159.28737676701,5.070709971886744,125658.9,34314.45985110245,11.741326372138582,10.44332211432135,4274786,14274707.0,16.473999787901654,336.0,154.7,80762.4,10.2,1512.5803018575853
Toscana,2024,ITE1,3660530.0,22989.7753,159.22426175257135,5.070313659742183,,,,,4240134,13834506.0,16.442676464024288,323.0,147.1,,9.7,1521.7976358454162
Trentino Alto Adige,2011,,,,,,,,,,1203944,,,320.0,,21876.3,11.1,
Trentino Alto Adige,2012,,,,,,,,,,1207871,,,336.0,,21411.0,12.7,
Trentino Alto Adige,2013,,,,,,,,,,1205719,,,355.0,,21897.8,12.6,
Trentino Alto Adige,2014,,,,,,,,,,1232527,,,348.0,,21844.8,13.0,
Trentino Alto Adige,2015,,,,,,,,,,1299166,,,322.0,,22265.1,12.0,
Trentino Alto Adige,2016,,,,,,,,,,1339922,,,340.0,98.6,22738.6,12.5,
Trentino Alto Adige,2017,,,,,,,,,,1391890,,,294.0,98.5,23383.2,10.2,
Trentino Alto Adige,2018,,,,,,,,,,1478390,,,267.0,101.5,24305.3,9.3,
Trentino Alto Adige,2019,,,,,,,,,,1497574,,,310.0,102.9,24618.5,10.5,
Trentino Alto Adige,2020,,,,,,,,,,1006858,,,316.0,99.5,23863.4,10.8,
Trentino Alto Adige,2021,,,,,,,,,,1382117,,,343.0,108.3,24555.6,11.5,
Trentino Alto Adige,2022,,,,,,,,,,1562249,,,358.0,159.7,26528.9,11.2,
Trentino Alto Adige,2023,,,,,,,,,,1598832,,,385.0,160.6,27876.2,10.9,
Trentino Alto Adige,2024,,,,,,,,,,1619719,,,292.0,147.3,,8.4,
Umbria,2011,ITE2,889450.0,8464.1137,105.08483599411004,4.6547679857807225,24518.6,27566.02394738321,10.107187292172132,10.224339276982992,927221,3881741.0,15.171794322298831,292.0,,16051.3,11.4,1037.9951811759536
Umbria,2012,ITE2,890407.0,8464.1137,105.1979015830092,4.655843353175096,23406.9,26287.866110666248,10.060786129674522,10.176862747091006,901479,3642850.0,15.108276900287104,288.0,,15403.9,11.2,1033.6481768145854
Umbria,2013,ITE2,892742.0,8464.1137,105.47377216825431,4.658462316968522,22743.2,25475.669342318382,10.032021478600358,10.145479132223418,960024,4319823.0,15.278724987158686,320.0,,15245.8,13.0,995.1643836135952
Umbria,2014,ITE2,892099.0,8464.1137,105.3978043796836,4.657741804577987,22100.0,24773.035279716714,10.003332887505843,10.117511053519438,991191,4372239.0,15.290785792841156,317.0,,15143.3,12.6,1043.914800995025
Umbria,2015,ITE2,888288.0,8464.1137,104.94755050372255,4.653460706344173,22741.4,25601.381533916927,10.031942330932756,10.150401595180163,1128339,4700201.0,15.363115831723295,299.0,,15183.6,12.5,1018.7810945273632
Umbria,2016,ITE2,884092.0,8464.2234,104.45045673061983,4.648712860713166,22544.3,25499.947969215875,10.02323754136007,10.14643169072153,1139699,4765283.0,15.376867484702434,304.0,97.6,15269.5,12.1,972.9975124378108
Umbria,2017,ITE2,880992.0,8464.2233,104.0842105382546,4.645200288211634,22893.8,25986.388071628346,10.038621410526924,10.165328144204349,1168538,4879850.0,15.400625039652,282.0,100.0,15512.2,10.8,938.3853838746712
Umbria,2018,ITE2,876477.0,8464.2233,103.55078888336983,4.640062206193741,23314.2,26599.89936986367,10.056817895979483,10.188662711674803,1159347,4037654.0,15.211174388200506,280.0,102.2,15809.8,10.1,926.9199751861042
Umbria,2019,ITE2,873744.0,8464.2233,103.22790042649277,4.636939169478575,23210.0,26563.84478748924,10.052338499268483,10.187306351678966,1184463,4151872.0,15.239069874836275,292.0,103.2,15834.7,10.5,906.3641975308642
Umbria,2020,ITE2,870165.0,8464.2234,102.80506065092752,4.632834579931264,20979.4,24109.680347979986,9.951296282875942,10.090368713019306,617987,2384143.0,14.684350288589933,287.0,99.9,15238.3,10.1,882.2098765432099
Umbria,2021,ITE2,865452.0,8464.2026,102.24849769073344,4.62740610230381,22760.2,26298.62776907327,10.03276867554788,10.177272040723771,807153,3067658.0,14.936424961983189,310.0,106.6,16027.3,11.0,791.3672839506173
Umbria,2022,ITE2,858812.0,8464.2026,101.46401741376086,4.619704227390132,23615.0,27497.286949879603,10.069637382330216,10.22184262241979,1060803,3839253.0,15.160788374390252,320.0,145.0,17146.3,10.1,753.5317678487097
Umbria,2023,ITE2,856407.0,8464.2026,101.17987960259836,4.616899918930272,23601.4,27558.625746870355,10.069061311288117,10.224070859837548,1170492,4156846.0,15.24026717160196,334.0,154.4,18036.7,9.6,715.4155124653739
Umbria,2024,ITE2,853068.0,8464.2026,100.78539471633157,4.612993451451977,,,,,1159745,4055503.0,15.215585282228425,328.0,148.1,,8.9,717.1770551124775
Valle d'Aosta,2011,,,,,,,,,,132767,,,351.0,,2499.0,13.0,
Valle d'Aosta,2012,,,,,,,,,,130403,,,354.0,,2422.7,13.2,
Valle d'Aosta,2013,,,,,,,,,,125703,,,359.0,,2396.2,13.8,
Valle d'Aosta,2014,,,,,,,,,,126214,,,358.0,,2414.3,14.5,
Valle d'Aosta,2015,,,,,,,,,,131790,,,343.0,,2421.7,13.6,
Valle d'Aosta,2016,,,,,,,,,,139281,,,314.0,97.9,2421.4,12.1,
Valle d'Aosta,2017,,,,,,,,,,145751,,,283.0,99.1,2465.6,11.2,
Valle d'Aosta,2018,,,,,,,,,,144688,,,255.0,101.7,2489.0,9.9,
Valle d'Aosta,2019,,,,,,,,,,144725,,,314.0,103.2,2495.8,11.8,
Valle d'Aosta,2020,,,,,,,,,,80685,,,296.0,99.8,2371.9,10.2,
Valle d'Aosta,2021,,,,,,,,,,117578,,,314.0,105.3,2462.4,11.2,
Valle d'Aosta,2022,,,,,,,,,,139873,,,331.0,133.1,2632.3,11.3,
Valle d'Aosta,2023,,,,,,,,,,145644,,,337.0,141.7,2813.2,10.3,
Valle d'Aosta,2024,,,,,,,,,,153629,,,341.0,131.4,,9.8,
Veneto,2011,ITD3,4879606.0,18406.8553,265.0972108201448,5.580096592002908,165858.9,33990.22380085605,12.01889270588384,10.433828226983168,5009877,22327070.0,16.921310401593107,337.0,,89775.6,12.5,1224.0130700147738
Veneto,2012,ITD3,4887328.0,18406.8553,265.5167284332376,5.581677845978615,160434.5,32826.628374441,11.985641038568394,10.398995305692011,4931861,20535062.0,16.83764432460369,332.0,,86173.0,12.2,1231.28802633654
Veneto,2013,ITD3,4901415.0,18406.8553,266.2820411262754,5.584556052041397,158966.4,32432.75666312687,11.976448138116275,10.386924199177113,4869024,19573155.0,16.789669542525495,334.0,,86996.5,12.5,1269.8541309096584
Veneto,2014,ITD3,4905712.0,18406.8553,266.51548675997907,5.585432353587197,159613.0,32536.15377339721,11.980507414314763,10.390107173829804,4949901,19135503.0,16.76705596340525,333.0,,88018.9,12.7,1319.4596433117108
Veneto,2015,ITD3,4902694.0,18406.8553,266.3515261077757,5.584816963054781,161434.9,32927.79439222599,11.991857244404594,10.402072394452048,5347276,19920976.0,16.807283804904397,323.0,,89655.9,12.3,1299.1149734109194
Veneto,2016,ITD3,4890648.0,18406.8553,265.6970960161783,5.582356923147057,164149.1,33563.875380113226,12.008530440124575,10.421205630079754,5459946,19894331.0,16.80594537473845,327.0,97.7,91932.6,11.9,1273.5886277170298
Veneto,2017,ITD3,4883373.0,18406.8552,265.30186427500115,5.580868288163864,167558.0,34311.939718714915,12.02908483896682,10.44324866933795,5663201,20170311.0,16.819722328750544,299.0,99.4,94427.1,10.5,1259.1485217696288
Veneto,2018,ITD3,4880936.0,18344.7925,266.0665690276955,5.583746536974628,168991.9,34622.84692935945,12.037606063762496,10.45226905901065,5893246,20369963.0,16.829571971804675,308.0,102.0,96596.6,10.4,1249.6009187691986
Veneto,2019,ITD3,4884590.0,18345.3695,266.2573790078199,5.584463431222954,170186.0,34841.40941204891,12.044647235568974,10.45856188399576,6019832,20668712.0,16.844131617186207,320.0,103.5,96671.6,10.8,1246.343861160187
Veneto,2020,ITD3,4879133.0,18345.3694,265.9599211995153,5.583345625247232,153519.2,31464.442555675363,11.941580919620584,10.35661337947406,4227632,15999721.0,16.588081842552022,326.0,100.2,93517.6,10.7,1243.2063413872802
Veneto,2021,ITD3,4869830.0,18355.2293,265.3102241550314,5.580899798490195,167907.0,34479.02698862178,12.031165533679593,10.448106504791914,5181202,19417685.0,16.781694806718644,336.0,107.0,98342.4,11.4,1222.9189849250242
Veneto,2022,ITD3,4847745.0,18355.2293,264.1070248030081,5.576354417976253,176022.3,36310.140075437135,12.0783659705394,10.499852322165664,5923696,20082238.0,16.815346300760513,339.0,144.3,104732.3,10.9,1224.9532988871224
Veneto,2023,ITD3,4849553.0,18355.2293,264.2055253431239,5.576727305356005,177385.3,36577.65983792733,12.08607948183912,10.507192946085633,6118782,20312317.0,16.82673800878288,364.0,146.4,111218.1,10.8,1234.8381657053255
Veneto,2024,ITD3,4852216.0,18355.2293,264.3506066143233,5.577276277418086,,,,,6075021,20186829.0,16.82054092000465,331.0,137.7,,9.8,1242.2613814184997
